OrderID,ProductID,UnitPrice,Quantity,Discount
1,1,73000,10,2.5
2,2,79000,10,2.5
3,3,45000,25,0.5
4,4,59000,15,2
5,5,89000,10,0.5
6,6,43000,20,0.5
7,7,60000,5,0.5
8,8,20000,25,0.5
9,9,49000,25,0.5
10,10,79000,20,1
11,11,76000,25,0.5
12,12,21000,15,2.5
13,13,24000,5,1.5
14,14,59000,20,2
15,15,51000,5,1
16,16,11000,15,1
17,17,76000,10,1
18,18,54000,20,2
19,19,25000,10,0.5
20,20,45000,25,1
21,21,63000,10,2
22,22,58000,20,2.5
23,23,32000,15,1
24,24,21000,10,0.5
25,25,76000,10,0.5
26,26,76000,10,1.5
27,27,43000,25,1.5
28,28,40000,5,2
29,29,69000,10,2.5
30,30,33000,15,0.5
31,31,39000,20,2.5
32,32,50000,15,1.5
33,33,80000,25,2
34,34,60000,15,2
35,35,27000,20,2.5
36,36,22000,10,2.5
37,37,52000,15,2
38,38,73000,20,2.5
39,39,90000,25,1
40,40,52000,10,2
41,41,95000,20,0.5
42,42,66000,5,2
43,43,94000,10,1
44,44,66000,15,2
45,45,87000,15,1.5
46,46,41000,20,0.5
47,47,59000,10,2.5
48,48,84000,25,2.5
49,49,48000,20,1.5
50,50,91000,20,1
51,51,71000,10,1
52,52,82000,5,1.5
53,53,48000,20,2.5
54,54,97000,25,2
55,55,78000,10,1
56,56,44000,5,1
57,57,67000,10,0.5
58,58,54000,20,1.5
59,59,99000,10,2
60,60,46000,25,1.5
61,61,79000,25,2
62,62,71000,20,2.5
63,63,70000,15,1.5
64,64,69000,5,1.5
65,65,95000,20,0.5
66,66,39000,15,2.5
67,67,84000,15,1
68,68,53000,5,2.5
69,69,93000,15,2
70,70,38000,25,1
71,71,86000,25,1.5
72,72,89000,5,1.5
73,73,97000,25,1.5
74,74,24000,20,0.5
75,75,88000,25,2
76,76,11000,20,2
77,77,73000,20,1
78,78,93000,15,0.5
79,79,68000,20,2.5
80,80,97000,15,1.5
81,81,64000,25,1
82,82,60000,15,0.5
83,83,22000,5,2
84,84,91000,20,2
85,85,38000,10,2.5
86,86,44000,10,1.5
87,87,71000,20,1
88,88,62000,5,1.5
89,89,62000,5,1.5
90,90,83000,20,1
91,91,29000,20,1
92,92,76000,10,0.5
93,93,64000,5,0.5
94,94,27000,5,2
95,95,60000,15,2
96,96,96000,5,0.5
97,97,62000,10,1
98,98,33000,15,0.5
99,99,40000,5,1.5
100,100,80000,20,1.5
101,1,73000,10,1.5
102,2,79000,10,2
103,3,45000,25,2
104,4,59000,20,2
105,5,89000,15,2.5
106,6,43000,10,2
107,7,60000,5,1.5
108,8,20000,15,2
109,9,49000,5,1
110,10,79000,20,1
111,11,76000,5,1
112,12,21000,5,2
113,13,24000,5,1
114,14,59000,10,1
115,15,51000,25,0.5
116,16,11000,10,2
117,17,76000,25,1
118,18,54000,5,1.5
119,19,25000,25,1
120,20,45000,5,2
121,21,63000,20,2
122,22,58000,15,1
123,23,32000,15,2.5
124,24,21000,25,0.5
125,25,76000,5,2.5
126,26,76000,5,1
127,27,43000,5,1
128,28,40000,15,0.5
129,29,69000,15,0.5
130,30,33000,20,1.5
131,31,39000,5,0.5
132,32,50000,5,1
133,33,80000,15,0.5
134,34,60000,5,2.5
135,35,27000,15,2.5
136,36,22000,25,1
137,37,52000,10,1
138,38,73000,10,1.5
139,39,90000,25,0.5
140,40,52000,10,2
141,41,95000,25,0.5
142,42,66000,25,1
143,43,94000,25,0.5
144,44,66000,20,2.5
145,45,87000,5,1.5
146,46,41000,25,0.5
147,47,59000,15,1.5
148,48,84000,10,2
149,49,48000,25,1.5
150,50,91000,15,0.5
151,51,71000,5,2.5
152,52,82000,10,1.5
153,53,48000,10,1
154,54,97000,10,2.5
155,55,78000,25,1
156,56,44000,15,2.5
157,57,67000,25,0.5
158,58,54000,10,0.5
159,59,99000,5,0.5
160,60,46000,20,2.5
161,61,79000,20,2.5
162,62,71000,25,1
163,63,70000,20,1.5
164,64,69000,5,0.5
165,65,95000,15,1
166,66,39000,20,1
167,67,84000,25,2.5
168,68,53000,25,2.5
169,69,93000,20,0.5
170,70,38000,25,2
171,71,86000,25,1
172,72,89000,10,1
173,73,97000,5,1.5
174,74,24000,15,0.5
175,75,88000,10,2.5
176,76,11000,20,2.5
177,77,73000,25,2.5
178,78,93000,15,0.5
179,79,68000,15,1.5
180,80,97000,25,2
181,81,64000,15,1.5
182,82,60000,5,2.5
183,83,22000,15,1
184,84,91000,25,1
185,85,38000,5,0.5
186,86,44000,15,0.5
187,87,71000,25,0.5
188,88,62000,20,1
189,89,62000,25,0.5
190,90,83000,20,1.5
191,91,29000,5,1
192,92,76000,25,2
193,93,64000,10,2.5
194,94,27000,20,2
195,95,60000,10,0.5
196,96,96000,20,2.5
197,97,62000,20,2
198,98,33000,15,0.5
199,99,40000,25,0.5
200,100,80000,10,1.5
201,1,73000,25,1.5
202,2,79000,10,2.5
203,3,45000,5,1.5
204,4,59000,5,2
205,5,89000,25,1.5
206,6,43000,5,2
207,7,60000,10,0.5
208,8,20000,15,1
209,9,49000,25,2.5
210,10,79000,15,1.5
211,11,76000,10,1.5
212,12,21000,10,1.5
213,13,24000,5,0.5
214,14,59000,10,2
215,15,51000,5,1
216,16,11000,10,2.5
217,17,76000,25,1
218,18,54000,5,1
219,19,25000,20,0.5
220,20,45000,25,2.5
221,21,63000,25,2.5
222,22,58000,20,0.5
223,23,32000,25,1
224,24,21000,15,2
225,25,76000,25,2.5
226,26,76000,10,1
227,27,43000,15,0.5
228,28,40000,10,1
229,29,69000,5,1
230,30,33000,20,0.5
231,31,39000,20,2.5
232,32,50000,15,0.5
233,33,80000,15,2.5
234,34,60000,15,0.5
235,35,27000,25,2.5
236,36,22000,10,1.5
237,37,52000,15,2
238,38,73000,15,0.5
239,39,90000,10,2
240,40,52000,10,2.5
241,41,95000,5,2.5
242,42,66000,25,1.5
243,43,94000,5,2
244,44,66000,25,0.5
245,45,87000,5,1.5
246,46,41000,10,0.5
247,47,59000,5,1
248,48,84000,10,0.5
249,49,48000,10,0.5
250,50,91000,5,2
251,51,71000,20,0.5
252,52,82000,20,1.5
253,53,48000,10,0.5
254,54,97000,20,0.5
255,55,78000,10,2.5
256,56,44000,25,1.5
257,57,67000,20,2.5
258,58,54000,25,2.5
259,59,99000,25,2
260,60,46000,20,1
261,61,79000,15,1.5
262,62,71000,15,1.5
263,63,70000,25,1
264,64,69000,5,1.5
265,65,95000,20,1
266,66,39000,10,0.5
267,67,84000,20,0.5
268,68,53000,5,0.5
269,69,93000,5,2
270,70,38000,10,1.5
271,71,86000,20,2
272,72,89000,15,0.5
273,73,97000,15,1.5
274,74,24000,10,2
275,75,88000,25,1.5
276,76,11000,25,0.5
277,77,73000,10,1
278,78,93000,20,0.5
279,79,68000,10,2.5
280,80,97000,20,2
281,81,64000,15,1.5
282,82,60000,5,2
283,83,22000,15,0.5
284,84,91000,25,2.5
285,85,38000,15,1
286,86,44000,10,0.5
287,87,71000,10,2
288,88,62000,20,2
289,89,62000,25,2.5
290,90,83000,25,2
291,91,29000,10,1.5
292,92,76000,25,1.5
293,93,64000,15,0.5
294,94,27000,10,2
295,95,60000,20,2.5
296,96,96000,5,2.5
297,97,62000,20,0.5
298,98,33000,5,1.5
299,99,40000,10,0.5
300,100,80000,5,0.5
301,1,73000,20,1.5
302,2,79000,15,2
303,3,45000,15,1
304,4,59000,10,1
305,5,89000,15,0.5
306,6,43000,10,2.5
307,7,60000,25,2
308,8,20000,5,1
309,9,49000,15,1
310,10,79000,15,1
311,11,76000,15,0.5
312,12,21000,5,2.5
313,13,24000,15,0.5
314,14,59000,15,2
315,15,51000,5,2
316,16,11000,25,0.5
317,17,76000,5,2.5
318,18,54000,15,2.5
319,19,25000,5,1.5
320,20,45000,20,2.5
321,21,63000,5,2
322,22,58000,25,2
323,23,32000,25,0.5
324,24,21000,15,0.5
325,25,76000,10,2
326,26,76000,25,1.5
327,27,43000,10,2.5
328,28,40000,25,2.5
329,29,69000,25,1
330,30,33000,20,1
331,31,39000,15,0.5
332,32,50000,10,2
333,33,80000,20,2
334,34,60000,5,1.5
335,35,27000,5,1
336,36,22000,25,2.5
337,37,52000,25,2
338,38,73000,5,1.5
339,39,90000,20,0.5
340,40,52000,25,0.5
341,41,95000,5,1
342,42,66000,15,1.5
343,43,94000,5,2
344,44,66000,5,0.5
345,45,87000,5,1
346,46,41000,25,1.5
347,47,59000,15,1.5
348,48,84000,5,1
349,49,48000,10,1.5
350,50,91000,10,2
351,51,71000,10,1
352,52,82000,5,1.5
353,53,48000,5,1.5
354,54,97000,20,1
355,55,78000,5,2
356,56,44000,10,0.5
357,57,67000,20,0.5
358,58,54000,25,2.5
359,59,99000,10,1
360,60,46000,5,2.5
361,61,79000,25,1
362,62,71000,10,2.5
363,63,70000,15,0.5
364,64,69000,20,2
365,65,95000,10,1
366,66,39000,5,1.5
367,67,84000,5,2
368,68,53000,5,1
369,69,93000,20,2.5
370,70,38000,10,0.5
371,71,86000,10,1.5
372,72,89000,5,1
373,73,97000,10,0.5
374,74,24000,5,1
375,75,88000,25,1
376,76,11000,20,1
377,77,73000,15,2.5
378,78,93000,5,0.5
379,79,68000,5,0.5
380,80,97000,10,0.5
381,81,64000,25,0.5
382,82,60000,20,1.5
383,83,22000,5,2.5
384,84,91000,10,2
385,85,38000,15,2.5
386,86,44000,20,0.5
387,87,71000,10,2
388,88,62000,10,1.5
389,89,62000,5,1.5
390,90,83000,15,1
391,91,29000,15,2.5
392,92,76000,25,0.5
393,93,64000,25,0.5
394,94,27000,10,0.5
395,95,60000,25,0.5
396,96,96000,20,0.5
397,97,62000,15,0.5
398,98,33000,25,2.5
399,99,40000,10,1.5
400,100,80000,5,1.5
401,1,73000,15,0.5
402,2,79000,15,0.5
403,3,45000,20,0.5
404,4,59000,15,2
405,5,89000,15,0.5
406,6,43000,15,1.5
407,7,60000,20,1.5
408,8,20000,5,1.5
409,9,49000,25,1.5
410,10,79000,10,2.5
411,11,76000,20,2.5
412,12,21000,25,1
413,13,24000,25,2
414,14,59000,20,1
415,15,51000,25,2.5
416,16,11000,15,1
417,17,76000,5,1
418,18,54000,20,1
419,19,25000,20,0.5
420,20,45000,20,2
421,21,63000,25,0.5
422,22,58000,5,1
423,23,32000,20,1
424,24,21000,15,2.5
425,25,76000,25,1.5
426,26,76000,15,2
427,27,43000,5,2
428,28,40000,20,1
429,29,69000,15,0.5
430,30,33000,25,1
431,31,39000,25,1
432,32,50000,20,0.5
433,33,80000,20,2.5
434,34,60000,5,2.5
435,35,27000,5,2.5
436,36,22000,15,2
437,37,52000,25,1.5
438,38,73000,15,2.5
439,39,90000,10,0.5
440,40,52000,25,1
441,41,95000,5,0.5
442,42,66000,15,2
443,43,94000,25,1.5
444,44,66000,15,1
445,45,87000,20,1
446,46,41000,25,1.5
447,47,59000,5,1
448,48,84000,10,0.5
449,49,48000,10,1
450,50,91000,15,2
451,51,71000,10,1.5
452,52,82000,25,0.5
453,53,48000,25,2
454,54,97000,25,0.5
455,55,78000,5,2.5
456,56,44000,10,1
457,57,67000,20,0.5
458,58,54000,10,1.5
459,59,99000,5,2
460,60,46000,10,2.5
461,61,79000,20,0.5
462,62,71000,25,0.5
463,63,70000,15,2
464,64,69000,10,1
465,65,95000,20,2.5
466,66,39000,15,2
467,67,84000,25,1.5
468,68,53000,5,1.5
469,69,93000,20,1
470,70,38000,25,1.5
471,71,86000,20,2.5
472,72,89000,15,2
473,73,97000,20,1.5
474,74,24000,15,0.5
475,75,88000,25,2.5
476,76,11000,10,1
477,77,73000,15,1
478,78,93000,20,1.5
479,79,68000,20,2
480,80,97000,25,2.5
481,81,64000,15,2.5
482,82,60000,10,0.5
483,83,22000,10,2.5
484,84,91000,25,1.5
485,85,38000,10,1.5
486,86,44000,25,0.5
487,87,71000,10,2
488,88,62000,5,2.5
489,89,62000,20,1
490,90,83000,5,2
491,91,29000,25,1.5
492,92,76000,15,2
493,93,64000,5,1.5
494,94,27000,15,1
495,95,60000,25,0.5
496,96,96000,20,2
497,97,62000,15,1
498,98,33000,10,2
499,99,40000,20,1
500,100,80000,20,0.5
501,1,73000,20,1.5
502,2,79000,25,0.5
503,3,45000,20,2.5
504,4,59000,15,1.5
505,5,89000,25,2
506,6,43000,15,2
507,7,60000,20,0.5
508,8,20000,15,1.5
509,9,49000,25,1.5
510,10,79000,5,1
511,11,76000,15,2.5
512,12,21000,15,2
513,13,24000,10,1
514,14,59000,15,2
515,15,51000,20,1
516,16,11000,15,1
517,17,76000,5,2
518,18,54000,20,1
519,19,25000,5,2.5
520,20,45000,25,1.5
521,21,63000,15,2.5
522,22,58000,20,2
523,23,32000,5,1
524,24,21000,25,1
525,25,76000,5,2
526,26,76000,10,0.5
527,27,43000,5,1.5
528,28,40000,15,2
529,29,69000,15,0.5
530,30,33000,25,1
531,31,39000,20,2
532,32,50000,5,1.5
533,33,80000,15,1.5
534,34,60000,10,2
535,35,27000,25,1
536,36,22000,20,0.5
537,37,52000,5,2
538,38,73000,20,2.5
539,39,90000,10,2
540,40,52000,25,0.5
541,41,95000,10,2
542,42,66000,5,1.5
543,43,94000,25,1.5
544,44,66000,10,2.5
545,45,87000,15,2
546,46,41000,15,1.5
547,47,59000,5,1.5
548,48,84000,5,2
549,49,48000,15,1
550,50,91000,5,2.5
551,51,71000,5,0.5
552,52,82000,20,2.5
553,53,48000,15,2
554,54,97000,25,1
555,55,78000,20,2.5
556,56,44000,10,1.5
557,57,67000,20,2
558,58,54000,10,0.5
559,59,99000,20,0.5
560,60,46000,10,2
561,61,79000,10,2
562,62,71000,15,2
563,63,70000,15,2.5
564,64,69000,10,1.5
565,65,95000,20,2
566,66,39000,10,1.5
567,67,84000,20,2
568,68,53000,20,2
569,69,93000,20,1
570,70,38000,5,2.5
571,71,86000,25,2.5
572,72,89000,5,0.5
573,73,97000,20,1
574,74,24000,5,0.5
575,75,88000,15,2.5
576,76,11000,10,2
577,77,73000,15,1.5
578,78,93000,5,0.5
579,79,68000,20,1.5
580,80,97000,5,1
581,81,64000,20,2.5
582,82,60000,15,1.5
583,83,22000,20,2.5
584,84,91000,10,2
585,85,38000,25,2
586,86,44000,20,2
587,87,71000,10,2.5
588,88,62000,5,2
589,89,62000,25,0.5
590,90,83000,10,1.5
591,91,29000,20,1.5
592,92,76000,5,1.5
593,93,64000,5,2.5
594,94,27000,15,2.5
595,95,60000,10,0.5
596,96,96000,25,2
597,97,62000,25,2
598,98,33000,25,1.5
599,99,40000,5,2
600,100,80000,20,0.5
601,1,73000,25,1
602,2,79000,25,2
603,3,45000,15,2
604,4,59000,15,1.5
605,5,89000,5,0.5
606,6,43000,5,2
607,7,60000,5,2
608,8,20000,5,2.5
609,9,49000,20,0.5
610,10,79000,10,1.5
611,11,76000,5,1
612,12,21000,5,1.5
613,13,24000,5,1.5
614,14,59000,15,0.5
615,15,51000,15,2.5
616,16,11000,10,2.5
617,17,76000,5,1
618,18,54000,25,0.5
619,19,25000,10,2.5
620,20,45000,20,0.5
621,21,63000,15,2.5
622,22,58000,15,1
623,23,32000,15,1
624,24,21000,15,2.5
625,25,76000,25,1.5
626,26,76000,15,2.5
627,27,43000,10,1
628,28,40000,25,1.5
629,29,69000,5,1
630,30,33000,20,0.5
631,31,39000,10,2
632,32,50000,15,2
633,33,80000,15,2
634,34,60000,10,0.5
635,35,27000,15,1.5
636,36,22000,25,0.5
637,37,52000,10,2
638,38,73000,20,2
639,39,90000,25,1.5
640,40,52000,15,0.5
641,41,95000,25,2
642,42,66000,5,1
643,43,94000,25,1
644,44,66000,20,2
645,45,87000,10,1.5
646,46,41000,25,1
647,47,59000,20,2.5
648,48,84000,10,1
649,49,48000,15,0.5
650,50,91000,20,2
651,51,71000,15,1.5
652,52,82000,15,1.5
653,53,48000,10,2
654,54,97000,25,2.5
655,55,78000,25,2.5
656,56,44000,20,2.5
657,57,67000,20,1
658,58,54000,5,1
659,59,99000,15,0.5
660,60,46000,15,0.5
661,61,79000,15,2
662,62,71000,25,0.5
663,63,70000,15,0.5
664,64,69000,5,1.5
665,65,95000,5,2.5
666,66,39000,15,1.5
667,67,84000,20,1.5
668,68,53000,15,1
669,69,93000,25,1
670,70,38000,20,0.5
671,71,86000,20,2.5
672,72,89000,20,0.5
673,73,97000,10,1.5
674,74,24000,25,2
675,75,88000,5,2
676,76,11000,10,0.5
677,77,73000,25,0.5
678,78,93000,20,2
679,79,68000,25,1
680,80,97000,15,0.5
681,81,64000,10,2.5
682,82,60000,10,1
683,83,22000,10,0.5
684,84,91000,15,1.5
685,85,38000,15,0.5
686,86,44000,15,0.5
687,87,71000,5,2.5
688,88,62000,10,0.5
689,89,62000,20,2
690,90,83000,20,1
691,91,29000,10,1
692,92,76000,20,2
693,93,64000,10,0.5
694,94,27000,5,2.5
695,95,60000,15,1
696,96,96000,20,1.5
697,97,62000,15,2.5
698,98,33000,25,0.5
699,99,40000,5,1.5
700,100,80000,25,2.5
701,1,73000,25,0.5
702,2,79000,5,2
703,3,45000,5,1.5
704,4,59000,5,2.5
705,5,89000,5,1.5
706,6,43000,20,2
707,7,60000,25,2.5
708,8,20000,5,0.5
709,9,49000,15,2
710,10,79000,5,2.5
711,11,76000,20,0.5
712,12,21000,25,2
713,13,24000,10,2.5
714,14,59000,15,2.5
715,15,51000,15,2.5
716,16,11000,25,1.5
717,17,76000,25,2
718,18,54000,20,0.5
719,19,25000,20,1
720,20,45000,5,2.5
721,21,63000,20,1.5
722,22,58000,20,2.5
723,23,32000,25,2
724,24,21000,25,1.5
725,25,76000,15,2.5
726,26,76000,10,1
727,27,43000,25,2
728,28,40000,5,0.5
729,29,69000,15,1.5
730,30,33000,20,2
731,31,39000,15,1.5
732,32,50000,10,2.5
733,33,80000,10,2
734,34,60000,5,2.5
735,35,27000,10,2.5
736,36,22000,10,2
737,37,52000,5,1
738,38,73000,20,1.5
739,39,90000,25,0.5
740,40,52000,20,2.5
741,41,95000,15,2
742,42,66000,20,2.5
743,43,94000,15,1
744,44,66000,20,0.5
745,45,87000,20,2
746,46,41000,25,0.5
747,47,59000,25,2.5
748,48,84000,25,2.5
749,49,48000,25,2.5
750,50,91000,25,2
751,51,71000,10,1.5
752,52,82000,5,2
753,53,48000,15,2
754,54,97000,5,2.5
755,55,78000,10,2
756,56,44000,20,2
757,57,67000,10,2.5
758,58,54000,5,0.5
759,59,99000,5,1.5
760,60,46000,15,2
761,61,79000,15,1.5
762,62,71000,15,0.5
763,63,70000,5,0.5
764,64,69000,10,2
765,65,95000,10,1.5
766,66,39000,10,0.5
767,67,84000,25,2.5
768,68,53000,10,1.5
769,69,93000,20,2.5
770,70,38000,10,2.5
771,71,86000,20,1
772,72,89000,15,0.5
773,73,97000,15,1.5
774,74,24000,15,0.5
775,75,88000,20,2.5
776,76,11000,5,0.5
777,77,73000,5,2.5
778,78,93000,5,1.5
779,79,68000,10,2
780,80,97000,20,1.5
781,81,64000,5,2
782,82,60000,15,0.5
783,83,22000,5,2.5
784,84,91000,25,2
785,85,38000,5,2.5
786,86,44000,5,2
787,87,71000,10,2
788,88,62000,20,1
789,89,62000,15,0.5
790,90,83000,15,1.5
791,91,29000,15,2
792,92,76000,25,1
793,93,64000,20,2.5
794,94,27000,5,1
795,95,60000,15,1.5
796,96,96000,20,0.5
797,97,62000,25,2.5
798,98,33000,10,2.5
799,99,40000,20,2
800,100,80000,20,1.5
801,1,73000,15,0.5
802,2,79000,10,2
803,3,45000,25,2
804,4,59000,15,2.5
805,5,89000,10,2
806,6,43000,20,1.5
807,7,60000,10,1
808,8,20000,15,1.5
809,9,49000,25,1.5
810,10,79000,15,2.5
811,11,76000,10,1.5
812,12,21000,10,1
813,13,24000,10,0.5
814,14,59000,15,1.5
815,15,51000,15,2.5
816,16,11000,10,0.5
817,17,76000,15,2.5
818,18,54000,20,2
819,19,25000,25,2.5
820,20,45000,10,2
821,21,63000,15,1.5
822,22,58000,5,2
823,23,32000,20,2.5
824,24,21000,20,2.5
825,25,76000,20,1.5
826,26,76000,25,1.5
827,27,43000,25,0.5
828,28,40000,20,1
829,29,69000,20,2.5
830,30,33000,25,2.5
831,31,39000,15,1.5
832,32,50000,15,2
833,33,80000,25,1.5
834,34,60000,20,2.5
835,35,27000,25,2.5
836,36,22000,5,2.5
837,37,52000,5,0.5
838,38,73000,10,1.5
839,39,90000,15,1
840,40,52000,15,1.5
841,41,95000,20,0.5
842,42,66000,5,2
843,43,94000,25,0.5
844,44,66000,10,2
845,45,87000,5,2.5
846,46,41000,15,1
847,47,59000,5,2.5
848,48,84000,10,2.5
849,49,48000,15,1.5
850,50,91000,15,2.5
851,51,71000,10,2
852,52,82000,15,1
853,53,48000,5,0.5
854,54,97000,15,1
855,55,78000,25,0.5
856,56,44000,25,2
857,57,67000,10,2
858,58,54000,25,1.5
859,59,99000,5,2
860,60,46000,10,2
861,61,79000,5,2.5
862,62,71000,25,1.5
863,63,70000,25,1
864,64,69000,10,2.5
865,65,95000,20,2
866,66,39000,5,0.5
867,67,84000,25,2
868,68,53000,25,1
869,69,93000,15,0.5
870,70,38000,25,0.5
871,71,86000,15,1
872,72,89000,5,0.5
873,73,97000,10,2.5
874,74,24000,25,2
875,75,88000,20,2
876,76,11000,15,2
877,77,73000,15,2
878,78,93000,25,0.5
879,79,68000,10,2.5
880,80,97000,20,1
881,81,64000,15,2.5
882,82,60000,25,2.5
883,83,22000,5,0.5
884,84,91000,5,2.5
885,85,38000,15,1
886,86,44000,15,2
887,87,71000,10,2.5
888,88,62000,20,2
889,89,62000,25,1
890,90,83000,10,2
891,91,29000,15,0.5
892,92,76000,5,2
893,93,64000,5,2
894,94,27000,25,1.5
895,95,60000,25,2
896,96,96000,25,2.5
897,97,62000,5,2
898,98,33000,5,1.5
899,99,40000,5,1
900,100,80000,25,2
901,1,73000,10,0.5
902,2,79000,15,1.5
903,3,45000,25,0.5
904,4,59000,20,1.5
905,5,89000,20,2
906,6,43000,25,1
907,7,60000,5,0.5
908,8,20000,10,2.5
909,9,49000,5,1
910,10,79000,15,0.5
911,11,76000,25,1
912,12,21000,25,2
913,13,24000,20,2.5
914,14,59000,15,2
915,15,51000,5,1.5
916,16,11000,20,2
917,17,76000,5,0.5
918,18,54000,20,2
919,19,25000,10,1
920,20,45000,5,1
921,21,63000,25,2.5
922,22,58000,10,1.5
923,23,32000,15,2.5
924,24,21000,20,1
925,25,76000,10,0.5
926,26,76000,5,1.5
927,27,43000,10,2.5
928,28,40000,10,1.5
929,29,69000,10,0.5
930,30,33000,5,1.5
931,31,39000,25,0.5
932,32,50000,5,2.5
933,33,80000,20,2
934,34,60000,5,1.5
935,35,27000,10,1
936,36,22000,10,0.5
937,37,52000,10,0.5
938,38,73000,5,0.5
939,39,90000,5,0.5
940,40,52000,15,1
941,41,95000,25,1
942,42,66000,10,1.5
943,43,94000,25,2
944,44,66000,5,1
945,45,87000,5,2.5
946,46,41000,20,1.5
947,47,59000,15,2
948,48,84000,5,2.5
949,49,48000,25,1.5
950,50,91000,20,2
951,51,71000,10,2
952,52,82000,10,2.5
953,53,48000,25,1
954,54,97000,5,2
955,55,78000,20,2.5
956,56,44000,25,0.5
957,57,67000,15,2
958,58,54000,10,1.5
959,59,99000,15,2.5
960,60,46000,10,1.5
961,61,79000,15,1
962,62,71000,15,1
963,63,70000,10,2
964,64,69000,5,0.5
965,65,95000,5,1.5
966,66,39000,15,1
967,67,84000,5,1
968,68,53000,10,0.5
969,69,93000,25,1
970,70,38000,15,0.5
971,71,86000,10,2
972,72,89000,15,2
973,73,97000,5,1
974,74,24000,10,1
975,75,88000,20,1.5
976,76,11000,5,1.5
977,77,73000,25,0.5
978,78,93000,10,2.5
979,79,68000,15,0.5
980,80,97000,25,2
981,81,64000,10,2
982,82,60000,10,1.5
983,83,22000,20,2
984,84,91000,5,2.5
985,85,38000,5,0.5
986,86,44000,5,1
987,87,71000,20,1.5
988,88,62000,20,1.5
989,89,62000,25,2
990,90,83000,5,2
991,91,29000,25,2
992,92,76000,25,2
993,93,64000,10,0.5
994,94,27000,25,2.5
995,95,60000,15,1
996,96,96000,15,1.5
997,97,62000,10,1.5
998,98,33000,25,1
999,99,40000,25,1.5
1000,100,80000,20,2.5
1,11,72985,5,2.5
2,12,78985,10,1
3,13,44985,5,0.5
4,14,58985,10,1.5
5,15,88985,25,1.5
6,16,42985,20,2
7,17,59985,20,2.5
8,18,19985,15,0.5
9,19,48985,20,1.5
10,20,78985,5,2.5
11,21,75985,10,1.5
12,22,20985,20,2.5
13,23,23985,25,0.5
14,24,58985,25,1.5
15,25,50985,25,2.5
16,26,10985,10,1.5
17,27,75985,20,1
18,28,53985,10,2.5
19,29,24985,10,1
20,30,44985,25,2.5
21,31,62985,10,2
22,32,57985,10,1
23,33,31985,25,0.5
24,34,20985,20,1.5
25,35,75985,10,0.5
26,36,75985,10,2.5
27,37,42985,10,2
28,38,39985,5,0.5
29,39,68985,5,2
30,40,32985,15,2
31,41,38985,5,0.5
32,42,49985,20,2
33,43,79985,5,1
34,44,59985,5,2.5
35,45,26985,25,2.5
36,46,21985,10,2.5
37,47,51985,5,0.5
38,48,72985,20,0.5
39,49,89985,10,2
40,50,51985,5,2.5
41,51,94985,20,2.5
42,52,65985,20,1
43,53,93985,10,0.5
44,54,65985,25,0.5
45,55,86985,10,2
46,56,40985,5,1
47,57,58985,25,1.5
48,58,83985,20,2.5
49,59,47985,15,1
50,60,90985,15,1.5
51,61,70985,10,2.5
52,62,81985,15,0.5
53,63,47985,20,0.5
54,64,96985,20,2
55,65,77985,20,1
56,66,43985,20,0.5
57,67,66985,25,2.5
58,68,53985,20,2.5
59,69,98985,25,1.5
60,70,45985,5,1.5
61,71,78985,15,1
62,72,70985,15,2
63,73,69985,20,1.5
64,74,68985,25,1.5
65,75,94985,15,1
66,76,38985,25,2.5
67,77,83985,10,2
68,78,52985,10,2
69,79,92985,10,0.5
70,80,37985,15,1
71,81,85985,25,1.5
72,82,88985,10,1.5
73,83,96985,10,0.5
74,84,23985,10,1.5
75,85,87985,10,1
76,86,10985,25,1.5
77,87,72985,10,2
78,88,92985,25,2.5
79,89,67985,20,2
80,90,96985,10,0.5
81,91,63985,10,0.5
82,92,59985,5,1.5
83,93,21985,15,2.5
84,94,90985,25,0.5
85,95,37985,25,1
86,96,43985,25,2.5
87,97,70985,20,1.5
88,98,61985,10,2
89,99,61985,10,1
90,75,82985,10,2.5
91,76,28985,25,2
92,77,75985,10,2.5
93,78,63985,20,0.5
94,79,26985,20,2
95,80,59985,20,0.5
96,81,95985,10,2.5
97,82,61985,10,1
98,83,32985,25,2
99,84,39985,5,2.5
100,85,79985,10,0.5
101,11,72985,10,0.5
102,12,78985,20,0.5
103,13,44985,20,2.5
104,14,58985,5,1.5
105,15,88985,10,1.5
106,16,42985,20,1.5
107,17,59985,25,1.5
108,18,19985,20,2.5
109,19,48985,20,1.5
110,20,78985,10,1.5
111,21,75985,5,2.5
112,22,20985,5,1
113,23,23985,15,2
114,24,58985,15,1
115,25,50985,15,1.5
116,26,10985,25,2.5
117,27,75985,25,1
118,28,53985,5,0.5
119,29,24985,10,0.5
120,30,44985,20,1.5
121,31,62985,20,1.5
122,32,57985,5,0.5
123,33,31985,5,1
124,34,20985,25,1
125,35,75985,10,2.5
126,36,75985,20,2
127,37,42985,20,2.5
128,38,39985,15,0.5
129,39,68985,10,0.5
130,40,32985,10,1.5
131,41,38985,10,1
132,42,49985,5,1.5
133,43,79985,5,2
134,44,59985,25,2.5
135,45,26985,10,1.5
136,46,21985,5,2.5
137,47,51985,15,2
138,48,72985,20,1.5
139,49,89985,25,1
140,50,51985,15,0.5
141,51,94985,5,1.5
142,52,65985,5,2.5
143,53,93985,10,0.5
144,54,65985,25,2
145,55,86985,25,2.5
146,56,40985,10,2
147,57,58985,25,1.5
148,58,83985,15,1
149,59,47985,10,0.5
150,60,90985,25,0.5
151,61,70985,25,1
152,62,81985,20,2.5
153,63,47985,20,2
154,64,96985,5,1.5
155,65,77985,20,0.5
156,66,43985,15,1
157,67,66985,10,0.5
158,68,53985,10,2
159,69,98985,15,1.5
160,70,45985,10,0.5
161,71,78985,10,2.5
162,72,70985,5,1
163,73,69985,15,2.5
164,74,68985,5,2.5
165,75,94985,10,0.5
166,76,38985,5,1
167,77,83985,10,1
168,78,52985,5,1.5
169,79,92985,20,1.5
170,80,37985,25,1
171,81,85985,10,0.5
172,82,88985,15,2
173,83,96985,10,2
174,84,23985,20,1.5
175,85,87985,25,1
176,86,10985,5,1.5
177,87,72985,15,1.5
178,88,92985,10,0.5
179,89,67985,5,2
180,90,96985,20,2
181,91,63985,10,2.5
182,92,59985,15,1
183,93,21985,25,2
184,94,90985,5,1.5
185,95,37985,25,1.5
186,96,43985,20,2.5
187,97,70985,15,1.5
188,98,61985,25,2.5
189,99,61985,5,2
190,75,82985,15,1
191,76,28985,25,1.5
192,77,75985,5,2.5
193,78,63985,15,2.5
194,79,26985,5,0.5
195,80,59985,10,0.5
196,81,95985,20,1
197,82,61985,10,1
198,83,32985,25,2.5
199,84,39985,20,2.5
200,85,79985,20,2
201,11,72985,25,2.5
202,12,78985,20,1.5
203,13,44985,15,1.5
204,14,58985,25,1
205,15,88985,15,2
206,16,42985,20,1.5
207,17,59985,10,0.5
208,18,19985,20,2.5
209,19,48985,5,1
210,20,78985,25,1.5
211,21,75985,25,0.5
212,22,20985,15,0.5
213,23,23985,20,0.5
214,24,58985,10,2.5
215,25,50985,5,2
216,26,10985,25,0.5
217,27,75985,10,2.5
218,28,53985,10,1.5
219,29,24985,5,1
220,30,44985,20,1
221,31,62985,25,1
222,32,57985,20,0.5
223,33,31985,5,2.5
224,34,20985,20,1
225,35,75985,20,2.5
226,36,75985,15,1.5
227,37,42985,5,2
228,38,39985,15,1
229,39,68985,20,2.5
230,40,32985,25,1
231,41,38985,20,0.5
232,42,49985,15,0.5
233,43,79985,5,2.5
234,44,59985,15,2
235,45,26985,5,1
236,46,21985,20,1
237,47,51985,15,1.5
238,48,72985,5,2.5
239,49,89985,15,2
240,50,51985,15,1.5
241,51,94985,15,1
242,52,65985,25,2.5
243,53,93985,10,1
244,54,65985,15,1.5
245,55,86985,15,0.5
246,56,40985,25,2.5
247,57,58985,15,0.5
248,58,83985,15,2.5
249,59,47985,10,2
250,60,90985,10,0.5
251,61,70985,15,2
252,62,81985,20,0.5
253,63,47985,15,2.5
254,64,96985,5,1.5
255,65,77985,20,1.5
256,66,43985,20,2.5
257,67,66985,20,0.5
258,68,53985,15,1
259,69,98985,25,1
260,70,45985,25,1
261,71,78985,15,1
262,72,70985,15,0.5
263,73,69985,15,2
264,74,68985,15,0.5
265,75,94985,20,2.5
266,76,38985,15,0.5
267,77,83985,25,1
268,78,52985,15,1.5
269,79,92985,5,2.5
270,80,37985,5,2
271,81,85985,20,2.5
272,82,88985,25,1
273,83,96985,15,2
274,84,23985,25,2
275,85,87985,20,0.5
276,86,10985,5,0.5
277,87,72985,25,0.5
278,88,92985,15,0.5
279,89,67985,10,1.5
280,90,96985,20,0.5
281,91,63985,20,2
282,92,59985,5,2.5
283,93,21985,25,2.5
284,94,90985,15,1.5
285,95,37985,15,1.5
286,96,43985,15,2
287,97,70985,15,2
288,98,61985,10,2.5
289,99,61985,10,2
290,75,82985,20,1
291,76,28985,10,2.5
292,77,75985,5,0.5
293,78,63985,5,1.5
294,79,26985,5,2
295,80,59985,10,1
296,81,95985,10,1.5
297,82,61985,25,0.5
298,83,32985,10,1.5
299,84,39985,10,2.5
300,85,79985,25,1
301,11,72985,5,1.5
302,12,78985,25,2
303,13,44985,20,0.5
304,14,58985,10,1.5
305,15,88985,15,0.5
306,16,42985,15,1
307,17,59985,10,1
308,18,19985,25,2.5
309,19,48985,25,0.5
310,20,78985,25,0.5
311,21,75985,25,2
312,22,20985,25,0.5
313,23,23985,25,2
314,24,58985,5,1
315,25,50985,5,2.5
316,26,10985,20,1.5
317,27,75985,5,1.5
318,28,53985,5,1.5
319,29,24985,5,1
320,30,44985,20,0.5
321,31,62985,25,2
322,32,57985,25,1.5
323,33,31985,15,2
324,34,20985,5,2.5
325,35,75985,15,1
326,36,75985,5,0.5
327,37,42985,20,0.5
328,38,39985,5,2
329,39,68985,10,2.5
330,40,32985,10,1.5
331,41,38985,5,2.5
332,42,49985,5,0.5
333,43,79985,25,2.5
334,44,59985,25,0.5
335,45,26985,15,2.5
336,46,21985,25,1
337,47,51985,20,1.5
338,48,72985,5,1
339,49,89985,5,2.5
340,50,51985,15,1
341,51,94985,20,2
342,52,65985,20,1.5
343,53,93985,20,2
344,54,65985,25,1
345,55,86985,5,2
346,56,40985,20,2
347,57,58985,20,0.5
348,58,83985,25,2
349,59,47985,15,1
350,60,90985,15,0.5
351,61,70985,15,0.5
352,62,81985,5,1.5
353,63,47985,25,1.5
354,64,96985,15,2.5
355,65,77985,10,1.5
356,66,43985,25,2
357,67,66985,20,2.5
358,68,53985,10,2.5
359,69,98985,25,0.5
360,70,45985,10,0.5
361,71,78985,10,2
362,72,70985,20,0.5
363,73,69985,20,1.5
364,74,68985,5,1
365,75,94985,5,1
366,76,38985,5,1
367,77,83985,5,1.5
368,78,52985,10,2.5
369,79,92985,20,2.5
370,80,37985,20,2.5
371,81,85985,15,1
372,82,88985,25,0.5
373,83,96985,25,1
374,84,23985,25,0.5
375,85,87985,20,1.5
376,86,10985,20,0.5
377,87,72985,5,2
378,88,92985,15,1
379,89,67985,25,2.5
380,90,96985,15,2.5
381,91,63985,15,1.5
382,92,59985,5,2.5
383,93,21985,5,2
384,94,90985,25,0.5
385,95,37985,5,0.5
386,96,43985,20,2
387,97,70985,25,2
388,98,61985,20,2.5
389,99,61985,15,2
390,75,82985,10,2
391,76,28985,10,2
392,77,75985,5,1
393,78,63985,25,0.5
394,79,26985,10,1.5
395,80,59985,25,2
396,81,95985,5,0.5
397,82,61985,25,1
398,83,32985,25,2
399,84,39985,25,1
400,85,79985,20,1.5
401,11,72985,15,2.5
402,12,78985,5,2.5
403,13,44985,25,1.5
404,14,58985,5,0.5
405,15,88985,20,2.5
406,16,42985,10,0.5
407,17,59985,5,1
408,18,19985,20,1.5
409,19,48985,20,0.5
410,20,78985,15,2
411,21,75985,20,2.5
412,22,20985,5,2
413,23,23985,25,1.5
414,24,58985,20,2
415,25,50985,20,2.5
416,26,10985,20,1.5
417,27,75985,25,0.5
418,28,53985,25,1.5
419,29,24985,15,1
420,30,44985,25,2.5
421,31,62985,15,2.5
422,32,57985,20,2.5
423,33,31985,25,2
424,34,20985,10,1.5
425,35,75985,15,2.5
426,36,75985,10,0.5
427,37,42985,25,1
428,38,39985,10,2.5
429,39,68985,10,1.5
430,40,32985,20,2.5
431,41,38985,15,2
432,42,49985,5,0.5
433,43,79985,10,1
434,44,59985,15,2.5
435,45,26985,10,2
436,46,21985,10,2.5
437,47,51985,15,2.5
438,48,72985,15,2
439,49,89985,25,1
440,50,51985,10,2.5
441,51,94985,5,1.5
442,52,65985,25,0.5
443,53,93985,5,1.5
444,54,65985,15,1.5
445,55,86985,5,1
446,56,40985,5,1.5
447,57,58985,25,2.5
448,58,83985,5,2
449,59,47985,20,2
450,60,90985,5,1.5
451,61,70985,20,1
452,62,81985,5,2
453,63,47985,20,2.5
454,64,96985,15,2
455,65,77985,5,0.5
456,66,43985,10,2
457,67,66985,5,2.5
458,68,53985,15,2.5
459,69,98985,5,0.5
460,70,45985,15,1.5
461,71,78985,15,1
462,72,70985,5,1
463,73,69985,20,2
464,74,68985,10,2
465,75,94985,20,1
466,76,38985,10,1.5
467,77,83985,5,0.5
468,78,52985,25,2
469,79,92985,5,0.5
470,80,37985,15,2.5
471,81,85985,25,2.5
472,82,88985,20,2
473,83,96985,10,0.5
474,84,23985,25,1
475,85,87985,5,0.5
476,86,10985,15,0.5
477,87,72985,15,0.5
478,88,92985,15,2
479,89,67985,25,1
480,90,96985,20,2.5
481,91,63985,25,2
482,92,59985,20,2
483,93,21985,5,2
484,94,90985,20,0.5
485,95,37985,15,2
486,96,43985,15,2
487,97,70985,25,1
488,98,61985,15,1.5
489,99,61985,5,1
490,75,82985,15,2
491,76,28985,25,1
492,77,75985,20,1.5
493,78,63985,20,1.5
494,79,26985,15,2
495,80,59985,25,0.5
496,81,95985,15,1
497,82,61985,10,1.5
498,83,32985,15,2
499,84,39985,20,1.5
500,85,79985,25,1.5
501,11,72985,15,1.5
502,12,78985,15,2
503,13,44985,20,0.5
504,14,58985,10,1
505,15,88985,20,1.5
506,16,42985,10,2
507,17,59985,5,0.5
508,18,19985,5,0.5
509,19,48985,15,2
510,20,78985,10,2.5
511,21,75985,5,1
512,22,20985,5,2.5
513,23,23985,15,1
514,24,58985,5,1
515,25,50985,20,0.5
516,26,10985,25,0.5
517,27,75985,10,1.5
518,28,53985,15,0.5
519,29,24985,5,2
520,30,44985,5,1
521,31,62985,5,2.5
522,32,57985,10,2
523,33,31985,10,1.5
524,34,20985,15,1
525,35,75985,25,1.5
526,36,75985,5,2
527,37,42985,10,1.5
528,38,39985,5,2
529,39,68985,10,2
530,40,32985,25,2.5
531,41,38985,20,0.5
532,42,49985,25,2.5
533,43,79985,5,2
534,44,59985,25,1.5
535,45,26985,15,1.5
536,46,21985,20,1.5
537,47,51985,5,2.5
538,48,72985,25,1
539,49,89985,15,0.5
540,50,51985,10,1.5
541,51,94985,10,0.5
542,52,65985,20,0.5
543,53,93985,10,2.5
544,54,65985,20,1
545,55,86985,25,2.5
546,56,40985,15,2.5
547,57,58985,10,0.5
548,58,83985,15,0.5
549,59,47985,15,0.5
550,60,90985,20,1.5
551,61,70985,20,1.5
552,62,81985,25,0.5
553,63,47985,15,2
554,64,96985,25,1
555,65,77985,10,1.5
556,66,43985,20,2
557,67,66985,5,2.5
558,68,53985,5,1
559,69,98985,10,2
560,70,45985,25,2
561,71,78985,5,0.5
562,72,70985,20,2.5
563,73,69985,5,2
564,74,68985,15,2
565,75,94985,15,0.5
566,76,38985,20,0.5
567,77,83985,15,1.5
568,78,52985,20,0.5
569,79,92985,10,2.5
570,80,37985,20,1.5
571,81,85985,15,0.5
572,82,88985,20,0.5
573,83,96985,10,1
574,84,23985,25,2
575,85,87985,20,1.5
576,86,10985,20,2
577,87,72985,15,2.5
578,88,92985,5,1
579,89,67985,15,2
580,90,96985,15,1.5
581,91,63985,5,2.5
582,92,59985,25,1
583,93,21985,15,2
584,94,90985,20,2
585,95,37985,25,0.5
586,96,43985,20,2
587,97,70985,15,1.5
588,98,61985,20,1
589,99,61985,20,0.5
590,75,82985,5,0.5
591,76,28985,25,2.5
592,77,75985,10,2
593,78,63985,10,2.5
594,79,26985,10,1.5
595,80,59985,15,0.5
596,81,95985,20,2
597,82,61985,10,1.5
598,83,32985,25,1.5
599,84,39985,15,2
600,85,79985,5,2
601,11,72985,15,2.5
602,12,78985,5,1
603,13,44985,10,2
604,14,58985,15,2
605,15,88985,5,1.5
606,16,42985,5,1.5
607,17,59985,20,1.5
608,18,19985,25,1.5
609,19,48985,15,1.5
610,20,78985,25,1.5
611,21,75985,5,1
612,22,20985,15,1
613,23,23985,25,2
614,24,58985,25,2.5
615,25,50985,5,2.5
616,26,10985,25,1.5
617,27,75985,15,2
618,28,53985,5,2
619,29,24985,5,2
620,30,44985,25,1.5
621,31,62985,25,2.5
622,32,57985,10,1.5
623,33,31985,25,2.5
624,34,20985,25,1.5
625,35,75985,10,2
626,36,75985,25,1
627,37,42985,25,2.5
628,38,39985,25,1
629,39,68985,20,0.5
630,40,32985,20,2
631,41,38985,20,1
632,42,49985,20,0.5
633,43,79985,10,0.5
634,44,59985,10,2.5
635,45,26985,25,0.5
636,46,21985,25,1
637,47,51985,10,0.5
638,48,72985,10,1
639,49,89985,25,2.5
640,50,51985,10,2.5
641,51,94985,25,2
642,52,65985,5,2
643,53,93985,10,1.5
644,54,65985,15,1
645,55,86985,20,2
646,56,40985,15,0.5
647,57,58985,10,2
648,58,83985,15,1
649,59,47985,20,0.5
650,60,90985,10,1
651,61,70985,20,0.5
652,62,81985,10,1.5
653,63,47985,15,1
654,64,96985,25,0.5
655,65,77985,10,2.5
656,66,43985,5,0.5
657,67,66985,10,0.5
658,68,53985,5,1.5
659,69,98985,10,2
660,70,45985,20,1
661,71,78985,5,1.5
662,72,70985,15,0.5
663,73,69985,15,2.5
664,74,68985,15,1
665,75,94985,5,2.5
666,76,38985,25,2
667,77,83985,25,1.5
668,78,52985,10,1.5
669,79,92985,20,0.5
670,80,37985,20,1
671,81,85985,5,0.5
672,82,88985,15,0.5
673,83,96985,25,1.5
674,84,23985,20,0.5
675,85,87985,10,2.5
676,86,10985,15,1
677,87,72985,10,0.5
678,88,92985,15,0.5
679,89,67985,5,0.5
680,90,96985,5,1.5
681,91,63985,5,2
682,92,59985,20,2.5
683,93,21985,15,1
684,94,90985,20,2
685,95,37985,10,2.5
686,96,43985,5,2.5
687,97,70985,10,2
688,98,61985,20,1
689,99,61985,25,1.5
690,75,82985,15,0.5
691,76,28985,15,2
692,77,75985,5,1.5
693,78,63985,15,1.5
694,79,26985,20,2
695,80,59985,20,2
696,81,95985,5,2.5
697,82,61985,15,2
698,83,32985,15,1
699,84,39985,5,2.5
700,85,79985,20,0.5
701,11,72985,15,2
702,12,78985,15,2.5
703,13,44985,5,1.5
704,14,58985,15,1
705,15,88985,5,2
706,16,42985,20,0.5
707,17,59985,5,2.5
708,18,19985,25,1
709,19,48985,10,1.5
710,20,78985,10,1
711,21,75985,20,1.5
712,22,20985,20,2.5
713,23,23985,15,2.5
714,24,58985,15,1
715,25,50985,25,1.5
716,26,10985,25,2.5
717,27,75985,5,1.5
718,28,53985,20,0.5
719,29,24985,25,0.5
720,30,44985,25,1.5
721,31,62985,10,2
722,32,57985,15,1.5
723,33,31985,15,2
724,34,20985,25,0.5
725,35,75985,25,2.5
726,36,75985,10,1.5
727,37,42985,20,0.5
728,38,39985,5,1.5
729,39,68985,15,1.5
730,40,32985,5,1
731,41,38985,25,1
732,42,49985,25,0.5
733,43,79985,10,0.5
734,44,59985,25,2.5
735,45,26985,20,0.5
736,46,21985,10,1.5
737,47,51985,5,0.5
738,48,72985,10,2.5
739,49,89985,5,0.5
740,50,51985,25,1.5
741,51,94985,25,1.5
742,52,65985,20,1
743,53,93985,15,2
744,54,65985,20,0.5
745,55,86985,10,0.5
746,56,40985,5,1
747,57,58985,15,2
748,58,83985,10,2.5
749,59,47985,15,1
750,60,90985,10,2.5
751,61,70985,20,1
752,62,81985,15,2
753,63,47985,5,2.5
754,64,96985,15,2.5
755,65,77985,5,2.5
756,66,43985,25,1.5
757,67,66985,25,1
758,68,53985,5,1
759,69,98985,5,0.5
760,70,45985,25,1
761,71,78985,15,1.5
762,72,70985,15,0.5
763,73,69985,20,2
764,74,68985,10,2
765,75,94985,5,2.5
766,76,38985,5,2
767,77,83985,20,2.5
768,78,52985,25,2
769,79,92985,25,2.5
770,80,37985,20,1
771,81,85985,5,1.5
772,82,88985,20,2.5
773,83,96985,10,2
774,84,23985,20,2.5
775,85,87985,15,1
776,86,10985,25,1
777,87,72985,5,2
778,88,92985,15,2.5
779,89,67985,15,1.5
780,90,96985,25,1
781,91,63985,5,1
782,92,59985,20,1.5
783,93,21985,10,1.5
784,94,90985,15,2.5
785,95,37985,15,2.5
786,96,43985,25,2.5
787,97,70985,20,1.5
788,98,61985,20,0.5
789,99,61985,25,2
790,75,82985,25,0.5
791,76,28985,10,0.5
792,77,75985,20,0.5
793,78,63985,10,2
794,79,26985,20,0.5
795,80,59985,20,2
796,81,95985,20,2.5
797,82,61985,5,1
798,83,32985,15,2.5
799,84,39985,10,1
800,85,79985,15,1
801,11,72985,10,1.5
802,12,78985,10,1
803,13,44985,20,2.5
804,14,58985,5,1
805,15,88985,5,1
806,16,42985,25,2
807,17,59985,25,0.5
808,18,19985,20,2
809,19,48985,25,2
810,20,78985,25,2.5
811,21,75985,5,1
812,22,20985,15,1.5
813,23,23985,25,2.5
814,24,58985,10,2
815,25,50985,15,2
816,26,10985,10,2
817,27,75985,10,1
818,28,53985,5,2
819,29,24985,20,0.5
820,30,44985,5,1
821,31,62985,15,1
822,32,57985,10,2
823,33,31985,20,2.5
824,34,20985,15,0.5
825,35,75985,15,0.5
826,36,75985,20,1
827,37,42985,25,2
828,38,39985,5,2
829,39,68985,10,1.5
830,40,32985,5,2
831,41,38985,15,1.5
832,42,49985,15,1.5
833,43,79985,5,2
834,44,59985,20,0.5
835,45,26985,5,1
836,46,21985,25,2.5
837,47,51985,15,2
838,48,72985,5,0.5
839,49,89985,25,0.5
840,50,51985,25,2.5
841,51,94985,20,2.5
842,52,65985,15,2.5
843,53,93985,10,2.5
844,54,65985,15,1
845,55,86985,10,1
846,56,40985,15,1.5
847,57,58985,25,0.5
848,58,83985,20,1.5
849,59,47985,15,0.5
850,60,90985,15,1.5
851,61,70985,5,1
852,62,81985,20,1.5
853,63,47985,15,0.5
854,64,96985,15,1
855,65,77985,20,1
856,66,43985,20,2
857,67,66985,5,0.5
858,68,53985,25,2
859,69,98985,15,1.5
860,70,45985,25,2.5
861,71,78985,5,1
862,72,70985,15,1.5
863,73,69985,10,1
864,74,68985,20,2.5
865,75,94985,5,1
866,76,38985,5,1
867,77,83985,15,1
868,78,52985,25,2
869,79,92985,15,2
870,80,37985,20,1.5
871,81,85985,20,2
872,82,88985,20,1.5
873,83,96985,15,0.5
874,84,23985,20,0.5
875,85,87985,25,2.5
876,86,10985,15,2.5
877,87,72985,20,1.5
878,88,92985,25,0.5
879,89,67985,10,2.5
880,90,96985,5,2
881,91,63985,20,2.5
882,92,59985,10,2.5
883,93,21985,15,0.5
884,94,90985,15,0.5
885,95,37985,20,2.5
886,96,43985,10,2
887,97,70985,15,1.5
888,98,61985,25,1
889,99,61985,20,1.5
890,75,82985,25,1
891,76,28985,20,1
892,77,75985,5,1.5
893,78,63985,15,0.5
894,79,26985,5,0.5
895,80,59985,20,1.5
896,81,95985,5,1.5
897,82,61985,20,2.5
898,83,32985,15,1.5
899,84,39985,10,2
900,85,79985,20,0.5
901,11,72985,10,1
902,12,78985,25,2
903,13,44985,20,2.5
904,14,58985,15,1
905,15,88985,10,2.5
906,16,42985,20,0.5
907,17,59985,10,2
908,18,19985,25,1
909,19,48985,15,0.5
910,20,78985,20,1
911,21,75985,10,2.5
912,22,20985,25,1.5
913,23,23985,10,2.5
914,24,58985,15,0.5
915,25,50985,20,1.5
916,26,10985,25,1.5
917,27,75985,5,1.5
918,28,53985,5,0.5
919,29,24985,15,1.5
920,30,44985,20,1
921,31,62985,5,1
922,32,57985,5,0.5
923,33,31985,5,1
924,34,20985,5,2.5
925,35,75985,5,1
926,36,75985,10,2.5
927,37,42985,10,2.5
928,38,39985,25,2.5
929,39,68985,25,1.5
930,40,32985,20,2.5
931,41,38985,25,0.5
932,42,49985,15,0.5
933,43,79985,10,1.5
934,44,59985,10,0.5
935,45,26985,10,2
936,46,21985,15,0.5
937,47,51985,15,0.5
938,48,72985,15,2
939,49,89985,20,2.5
940,50,51985,25,0.5
941,51,94985,5,0.5
942,52,65985,10,1.5
943,53,93985,20,1.5
944,54,65985,10,2
945,55,86985,20,1.5
946,56,40985,5,1
947,57,58985,10,2.5
948,58,83985,25,1.5
949,59,47985,20,0.5
950,60,90985,25,1
951,61,70985,5,1
952,62,81985,10,1
953,63,47985,5,0.5
954,64,96985,5,0.5
955,65,77985,10,2
956,66,43985,5,1.5
957,67,66985,20,0.5
958,68,53985,25,2.5
959,69,98985,10,2.5
960,70,45985,15,1.5
961,71,78985,10,1
962,72,70985,20,0.5
963,73,69985,15,0.5
964,74,68985,15,2.5
965,75,94985,20,2
966,76,38985,20,1
967,77,83985,25,2
968,78,52985,10,2
969,79,92985,5,0.5
970,80,37985,25,1.5
971,81,85985,10,0.5
972,82,88985,15,2
973,83,96985,10,2
974,84,23985,25,2.5
975,85,87985,10,1
976,86,10985,20,1
977,87,72985,25,2
978,88,92985,5,1.5
979,89,67985,25,2.5
980,90,96985,10,1.5
981,91,63985,10,2.5
982,92,59985,15,1.5
983,93,21985,20,1.5
984,94,90985,20,2.5
985,95,37985,15,2
986,96,43985,25,2.5
987,97,70985,25,1.5
988,98,61985,25,2.5
989,99,61985,15,1.5
990,75,82985,10,1
991,76,28985,15,2.5
992,77,75985,5,0.5
993,78,63985,5,0.5
994,79,26985,5,1.5
995,80,59985,25,2.5
996,81,95985,5,0.5
997,82,61985,10,2
998,83,32985,15,0.5
999,84,39985,25,2.5
1000,85,79985,25,1.5
1,21,72975,20,2.5
2,22,78975,20,2.5
3,23,44975,20,1
4,24,58975,20,2.5
5,25,88975,10,2.5
6,26,42975,15,1.5
7,27,59975,25,1.5
8,28,19975,20,2
9,29,48975,20,2
10,30,78975,20,1
11,31,75975,15,1.5
12,32,20975,15,2.5
13,33,23975,25,1.5
14,34,58975,5,1.5
15,35,50975,15,2.5
16,36,10975,15,1.5
17,37,75975,10,0.5
18,38,53975,25,2
19,39,24975,20,2
20,40,44975,10,2.5
21,41,62975,25,0.5
22,42,57975,20,1.5
23,43,31975,5,0.5
24,44,20975,20,2
25,45,75975,15,1
26,46,75975,25,1.5
27,47,42975,20,0.5
28,48,39975,20,1.5
29,49,68975,15,0.5
30,50,32975,25,1
31,51,38975,25,1.5
32,52,49975,15,2
33,53,79975,10,2.5
34,54,59975,25,2.5
35,55,26975,10,2.5
36,56,21975,15,1
37,57,51975,20,1
38,58,72975,10,1
39,59,89975,5,1
40,60,51975,10,2.5
41,61,94975,10,2.5
42,62,65975,15,1
43,63,93975,25,1.5
44,64,65975,10,1.5
45,65,86975,5,0.5
46,66,40975,20,1.5
47,67,58975,20,1
48,68,83975,25,2
49,69,47975,5,0.5
50,70,90975,25,1.5
51,71,70975,5,1.5
52,72,81975,15,2
53,73,47975,25,2.5
54,74,96975,10,2
55,75,77975,15,1.5
56,76,43975,20,2
57,77,66975,5,2.5
58,78,53975,15,2.5
59,79,98975,25,1.5
60,80,45975,25,0.5
61,81,78975,25,1.5
62,82,70975,25,0.5
63,83,69975,20,1
64,84,68975,25,0.5
65,85,94975,25,0.5
66,86,38975,5,1
67,87,83975,25,1
68,88,52975,10,2
69,89,92975,5,2.5
70,90,37975,5,2.5
71,91,85975,10,0.5
72,92,88975,5,1.5
73,93,96975,20,2
74,94,23975,10,2.5
75,95,87975,10,0.5
76,96,10975,10,0.5
77,97,72975,5,1.5
78,98,92975,5,1.5
79,99,67975,20,2.5
80,55,96975,15,1
81,56,63975,5,1.5
82,57,59975,5,1
83,58,21975,20,1.5
84,59,90975,10,2
85,60,37975,20,1.5
86,61,43975,20,1.5
87,62,70975,10,1
88,63,61975,25,2
89,64,61975,5,0.5
90,65,82975,10,2
91,66,28975,5,0.5
92,67,75975,20,0.5
93,68,63975,15,1
94,69,26975,20,1
95,70,59975,15,0.5
96,71,95975,15,0.5
97,72,61975,15,2.5
98,73,32975,20,2.5
99,74,39975,25,2.5
100,75,79975,10,2.5
101,21,72975,25,2.5
102,22,78975,25,0.5
103,23,44975,25,1.5
104,24,58975,15,2
105,25,88975,25,2
106,26,42975,10,2.5
107,27,59975,5,1
108,28,19975,20,0.5
109,29,48975,15,2.5
110,30,78975,5,1
111,31,75975,20,2
112,32,20975,5,2
113,33,23975,15,1
114,34,58975,15,2
115,35,50975,5,2.5
116,36,10975,20,1
117,37,75975,20,1
118,38,53975,5,2
119,39,24975,25,0.5
120,40,44975,25,1.5
121,41,62975,20,0.5
122,42,57975,15,0.5
123,43,31975,15,1.5
124,44,20975,15,2.5
125,45,75975,25,1
126,46,75975,15,2
127,47,42975,10,2
128,48,39975,5,2
129,49,68975,5,0.5
130,50,32975,20,1
131,51,38975,20,0.5
132,52,49975,10,2
133,53,79975,25,2.5
134,54,59975,15,2
135,55,26975,20,1
136,56,21975,20,1
137,57,51975,10,2.5
138,58,72975,25,2
139,59,89975,5,1
140,60,51975,5,1.5
141,61,94975,5,2.5
142,62,65975,5,1
143,63,93975,10,0.5
144,64,65975,20,1
145,65,86975,15,1.5
146,66,40975,10,1.5
147,67,58975,10,2
148,68,83975,5,1.5
149,69,47975,25,1.5
150,70,90975,15,1
151,71,70975,5,2
152,72,81975,5,1
153,73,47975,20,2.5
154,74,96975,20,1.5
155,75,77975,25,1
156,76,43975,10,1
157,77,66975,5,2.5
158,78,53975,25,2
159,79,98975,15,2.5
160,80,45975,15,1.5
161,81,78975,15,0.5
162,82,70975,15,1.5
163,83,69975,5,0.5
164,84,68975,15,2
165,85,94975,15,1
166,86,38975,20,1
167,87,83975,15,0.5
168,88,52975,10,1.5
169,89,92975,5,1.5
170,90,37975,20,2
171,91,85975,20,0.5
172,92,88975,25,2.5
173,93,96975,10,1.5
174,94,23975,10,1.5
175,95,87975,15,1.5
176,96,10975,5,2
177,97,72975,15,1
178,98,92975,5,1.5
179,99,67975,20,1
180,55,96975,25,2
181,56,63975,25,2
182,57,59975,10,2.5
183,58,21975,10,2.5
184,59,90975,20,2
185,60,37975,10,1
186,61,43975,5,1.5
187,62,70975,10,2.5
188,63,61975,25,2
189,64,61975,10,2
190,65,82975,10,2
191,66,28975,25,2
192,67,75975,5,1.5
193,68,63975,15,0.5
194,69,26975,20,2
195,70,59975,20,1
196,71,95975,10,2.5
197,72,61975,25,2
198,73,32975,5,1.5
199,74,39975,15,2
200,75,79975,20,2.5
201,21,72975,20,0.5
202,22,78975,25,1
203,23,44975,5,1.5
204,24,58975,15,2.5
205,25,88975,5,1
206,26,42975,20,2.5
207,27,59975,5,2.5
208,28,19975,10,1.5
209,29,48975,10,1.5
210,30,78975,10,1
211,31,75975,20,1
212,32,20975,5,0.5
213,33,23975,25,2
214,34,58975,10,1
215,35,50975,15,1
216,36,10975,25,1
217,37,75975,5,1
218,38,53975,20,2.5
219,39,24975,20,2.5
220,40,44975,5,2.5
221,41,62975,5,2.5
222,42,57975,15,2.5
223,43,31975,15,0.5
224,44,20975,5,1
225,45,75975,20,1.5
226,46,75975,10,2
227,47,42975,25,1.5
228,48,39975,15,1
229,49,68975,10,1.5
230,50,32975,25,0.5
231,51,38975,10,1
232,52,49975,25,1.5
233,53,79975,15,0.5
234,54,59975,5,2
235,55,26975,20,2
236,56,21975,20,0.5
237,57,51975,25,0.5
238,58,72975,15,2
239,59,89975,15,1.5
240,60,51975,25,1.5
241,61,94975,5,2.5
242,62,65975,5,2
243,63,93975,20,1.5
244,64,65975,5,1.5
245,65,86975,20,1.5
246,66,40975,5,1
247,67,58975,25,1.5
248,68,83975,15,1
249,69,47975,25,2
250,70,90975,5,2.5
251,71,70975,20,0.5
252,72,81975,20,0.5
253,73,47975,25,2.5
254,74,96975,25,2
255,75,77975,15,1.5
256,76,43975,20,2
257,77,66975,15,1.5
258,78,53975,15,2
259,79,98975,10,2
260,80,45975,15,1
261,81,78975,25,2.5
262,82,70975,25,2.5
263,83,69975,5,1
264,84,68975,20,2
265,85,94975,5,2
266,86,38975,5,1
267,87,83975,15,1
268,88,52975,10,1
269,89,92975,15,1.5
270,90,37975,25,2
271,91,85975,25,1
272,92,88975,20,2.5
273,93,96975,10,1
274,94,23975,25,2
275,95,87975,10,1
276,96,10975,25,0.5
277,97,72975,25,0.5
278,98,92975,5,2.5
279,99,67975,10,2
280,55,96975,5,2
281,56,63975,20,1.5
282,57,59975,5,1
283,58,21975,15,2
284,59,90975,25,0.5
285,60,37975,20,2
286,61,43975,20,1.5
287,62,70975,10,0.5
288,63,61975,15,1
289,64,61975,20,2
290,65,82975,15,1.5
291,66,28975,25,0.5
292,67,75975,5,0.5
293,68,63975,5,1
294,69,26975,10,1
295,70,59975,20,1
296,71,95975,5,0.5
297,72,61975,15,0.5
298,73,32975,15,1.5
299,74,39975,5,1.5
300,75,79975,10,0.5
301,21,72975,15,2.5
302,22,78975,5,2
303,23,44975,20,2.5
304,24,58975,15,0.5
305,25,88975,25,1
306,26,42975,15,2
307,27,59975,5,2.5
308,28,19975,25,1
309,29,48975,25,1
310,30,78975,20,1
311,31,75975,10,1.5
312,32,20975,20,1
313,33,23975,25,2
314,34,58975,5,1.5
315,35,50975,10,1
316,36,10975,25,2
317,37,75975,15,1.5
318,38,53975,20,0.5
319,39,24975,10,0.5
320,40,44975,15,0.5
321,41,62975,25,1.5
322,42,57975,10,2.5
323,43,31975,15,2
324,44,20975,15,2.5
325,45,75975,10,2
326,46,75975,10,0.5
327,47,42975,15,2.5
328,48,39975,5,2.5
329,49,68975,20,2.5
330,50,32975,10,1
331,51,38975,5,2
332,52,49975,25,1.5
333,53,79975,25,2.5
334,54,59975,20,0.5
335,55,26975,5,0.5
336,56,21975,20,2
337,57,51975,20,2.5
338,58,72975,10,2.5
339,59,89975,20,2
340,60,51975,25,2.5
341,61,94975,25,2
342,62,65975,15,1
343,63,93975,10,0.5
344,64,65975,5,2.5
345,65,86975,10,2
346,66,40975,25,2.5
347,67,58975,10,1
348,68,83975,15,2
349,69,47975,20,2.5
350,70,90975,5,1.5
351,71,70975,20,1.5
352,72,81975,5,2
353,73,47975,10,0.5
354,74,96975,25,1
355,75,77975,20,1
356,76,43975,15,2.5
357,77,66975,15,2.5
358,78,53975,25,1.5
359,79,98975,15,1.5
360,80,45975,5,2
361,81,78975,5,0.5
362,82,70975,5,1.5
363,83,69975,10,1.5
364,84,68975,10,1.5
365,85,94975,5,1.5
366,86,38975,5,1
367,87,83975,5,0.5
368,88,52975,20,1
369,89,92975,25,1.5
370,90,37975,15,1.5
371,91,85975,25,2
372,92,88975,10,0.5
373,93,96975,15,1.5
374,94,23975,5,2
375,95,87975,5,2.5
376,96,10975,5,2.5
377,97,72975,10,1
378,98,92975,5,0.5
379,99,67975,5,1.5
380,55,96975,5,1
381,56,63975,10,1
382,57,59975,25,2.5
383,58,21975,20,1
384,59,90975,20,1.5
385,60,37975,5,1
386,61,43975,25,2.5
387,62,70975,5,2.5
388,63,61975,10,2.5
389,64,61975,5,2
390,65,82975,5,1
391,66,28975,20,1
392,67,75975,5,1
393,68,63975,20,1.5
394,69,26975,10,1
395,70,59975,5,0.5
396,71,95975,5,0.5
397,72,61975,15,2.5
398,73,32975,25,0.5
399,74,39975,5,1
400,75,79975,5,1.5
401,21,72975,25,1
402,22,78975,5,0.5
403,23,44975,10,0.5
404,24,58975,10,2
405,25,88975,20,2.5
406,26,42975,25,1.5
407,27,59975,5,2
408,28,19975,20,0.5
409,29,48975,20,2.5
410,30,78975,20,1.5
411,31,75975,20,1
412,32,20975,15,0.5
413,33,23975,20,2
414,34,58975,20,1.5
415,35,50975,25,1.5
416,36,10975,25,0.5
417,37,75975,5,2.5
418,38,53975,15,2
419,39,24975,20,0.5
420,40,44975,10,1
421,41,62975,5,2
422,42,57975,25,2
423,43,31975,25,1
424,44,20975,25,1
425,45,75975,10,2.5
426,46,75975,10,1
427,47,42975,20,1.5
428,48,39975,5,1.5
429,49,68975,15,1.5
430,50,32975,25,0.5
431,51,38975,25,1.5
432,52,49975,10,2
433,53,79975,15,2.5
434,54,59975,5,1.5
435,55,26975,10,2
436,56,21975,25,2
437,57,51975,25,1
438,58,72975,25,2
439,59,89975,25,1
440,60,51975,15,2
441,61,94975,15,1
442,62,65975,15,1.5
443,63,93975,10,1
444,64,65975,20,2
445,65,86975,20,0.5
446,66,40975,5,1
447,67,58975,25,1.5
448,68,83975,25,2
449,69,47975,5,1
450,70,90975,15,2
451,71,70975,25,1
452,72,81975,5,0.5
453,73,47975,15,0.5
454,74,96975,15,1
455,75,77975,20,1.5
456,76,43975,20,1.5
457,77,66975,25,1.5
458,78,53975,20,2
459,79,98975,25,1.5
460,80,45975,20,2
461,81,78975,15,1.5
462,82,70975,5,1.5
463,83,69975,5,1
464,84,68975,15,1.5
465,85,94975,25,0.5
466,86,38975,10,1.5
467,87,83975,15,1
468,88,52975,25,2
469,89,92975,15,1.5
470,90,37975,5,0.5
471,91,85975,25,0.5
472,92,88975,10,1.5
473,93,96975,15,2.5
474,94,23975,5,1.5
475,95,87975,10,1
476,96,10975,10,1.5
477,97,72975,25,2
478,98,92975,5,2.5
479,99,67975,15,0.5
480,55,96975,20,1
481,56,63975,25,0.5
482,57,59975,10,1
483,58,21975,10,0.5
484,59,90975,20,2
485,60,37975,5,2.5
486,61,43975,25,0.5
487,62,70975,20,2.5
488,63,61975,25,1.5
489,64,61975,20,1
490,65,82975,5,2.5
491,66,28975,15,1
492,67,75975,5,0.5
493,68,63975,5,0.5
494,69,26975,15,0.5
495,70,59975,15,1
496,71,95975,5,2
497,72,61975,15,2
498,73,32975,10,2
499,74,39975,10,0.5
500,75,79975,20,1
501,21,72975,15,1
502,22,78975,20,1.5
503,23,44975,20,1
504,24,58975,20,2.5
505,25,88975,10,2
506,26,42975,10,2
507,27,59975,10,2
508,28,19975,25,1.5
509,29,48975,20,0.5
510,30,78975,15,0.5
511,31,75975,15,0.5
512,32,20975,25,0.5
513,33,23975,10,2.5
514,34,58975,15,1.5
515,35,50975,20,0.5
516,36,10975,5,1
517,37,75975,5,1.5
518,38,53975,20,1.5
519,39,24975,15,0.5
520,40,44975,25,0.5
521,41,62975,10,1
522,42,57975,15,2
523,43,31975,10,2.5
524,44,20975,20,1
525,45,75975,20,1.5
526,46,75975,5,2.5
527,47,42975,20,2.5
528,48,39975,5,1
529,49,68975,10,1
530,50,32975,5,2.5
531,51,38975,25,0.5
532,52,49975,25,2.5
533,53,79975,25,1
534,54,59975,20,0.5
535,55,26975,10,0.5
536,56,21975,5,1.5
537,57,51975,25,2.5
538,58,72975,15,0.5
539,59,89975,15,1.5
540,60,51975,5,1
541,61,94975,20,0.5
542,62,65975,20,1
543,63,93975,15,0.5
544,64,65975,25,1
545,65,86975,15,1
546,66,40975,15,2
547,67,58975,15,1.5
548,68,83975,10,0.5
549,69,47975,25,1
550,70,90975,10,2.5
551,71,70975,20,1.5
552,72,81975,10,2
553,73,47975,10,2.5
554,74,96975,10,0.5
555,75,77975,15,1
556,76,43975,25,0.5
557,77,66975,10,0.5
558,78,53975,20,1.5
559,79,98975,10,2
560,80,45975,15,1
561,81,78975,5,2.5
562,82,70975,25,0.5
563,83,69975,25,0.5
564,84,68975,25,1
565,85,94975,15,1
566,86,38975,15,0.5
567,87,83975,20,2
568,88,52975,25,1.5
569,89,92975,20,1.5
570,90,37975,10,2.5
571,91,85975,25,1.5
572,92,88975,25,2
573,93,96975,25,2
574,94,23975,25,2
575,95,87975,5,1
576,96,10975,15,2.5
577,97,72975,15,1.5
578,98,92975,15,1
579,99,67975,15,2.5
580,55,96975,10,0.5
581,56,63975,25,2
582,57,59975,15,1
583,58,21975,15,1
584,59,90975,25,1.5
585,60,37975,25,1.5
586,61,43975,10,1.5
587,62,70975,15,2
588,63,61975,20,1
589,64,61975,25,2.5
590,65,82975,25,2
591,66,28975,25,2
592,67,75975,20,2
593,68,63975,10,0.5
594,69,26975,10,2.5
595,70,59975,25,1.5
596,71,95975,15,0.5
597,72,61975,10,0.5
598,73,32975,20,0.5
599,74,39975,10,0.5
600,75,79975,25,2
601,21,72975,10,0.5
602,22,78975,10,2
603,23,44975,25,0.5
604,24,58975,10,2
605,25,88975,5,2.5
606,26,42975,20,2
607,27,59975,15,2.5
608,28,19975,25,2
609,29,48975,20,1
610,30,78975,10,2.5
611,31,75975,25,1
612,32,20975,5,2
613,33,23975,5,1
614,34,58975,15,2.5
615,35,50975,20,1.5
616,36,10975,15,0.5
617,37,75975,15,1
618,38,53975,15,2
619,39,24975,25,2.5
620,40,44975,15,2.5
621,41,62975,10,2
622,42,57975,10,0.5
623,43,31975,15,1
624,44,20975,20,1
625,45,75975,10,1
626,46,75975,20,1.5
627,47,42975,25,1
628,48,39975,15,0.5
629,49,68975,15,2
630,50,32975,10,0.5
631,51,38975,20,2
632,52,49975,20,0.5
633,53,79975,20,0.5
634,54,59975,10,1
635,55,26975,20,2
636,56,21975,5,1.5
637,57,51975,5,1
638,58,72975,5,2
639,59,89975,20,2.5
640,60,51975,25,1.5
641,61,94975,15,1
642,62,65975,15,2.5
643,63,93975,25,1
644,64,65975,10,0.5
645,65,86975,10,1.5
646,66,40975,15,0.5
647,67,58975,15,0.5
648,68,83975,10,2.5
649,69,47975,25,1
650,70,90975,10,0.5
651,71,70975,10,0.5
652,72,81975,25,0.5
653,73,47975,5,2.5
654,74,96975,15,1
655,75,77975,10,0.5
656,76,43975,5,2
657,77,66975,10,1.5
658,78,53975,5,2.5
659,79,98975,20,1
660,80,45975,25,1.5
661,81,78975,15,2
662,82,70975,25,1
663,83,69975,5,2.5
664,84,68975,20,2.5
665,85,94975,25,2
666,86,38975,5,0.5
667,87,83975,25,1.5
668,88,52975,10,1
669,89,92975,10,0.5
670,90,37975,10,0.5
671,91,85975,5,2
672,92,88975,15,1
673,93,96975,10,0.5
674,94,23975,15,2.5
675,95,87975,5,1
676,96,10975,25,2
677,97,72975,20,2.5
678,98,92975,15,2
679,99,67975,10,1
680,55,96975,15,0.5
681,56,63975,25,0.5
682,57,59975,10,2.5
683,58,21975,10,2
684,59,90975,15,1
685,60,37975,5,1.5
686,61,43975,15,2.5
687,62,70975,10,0.5
688,63,61975,10,2
689,64,61975,25,1.5
690,65,82975,25,0.5
691,66,28975,15,0.5
692,67,75975,15,0.5
693,68,63975,10,2
694,69,26975,25,2.5
695,70,59975,25,0.5
696,71,95975,15,1
697,72,61975,5,2.5
698,73,32975,10,1
699,74,39975,20,1.5
700,75,79975,20,0.5
701,21,72975,15,2.5
702,22,78975,5,1
703,23,44975,20,1.5
704,24,58975,10,0.5
705,25,88975,25,2
706,26,42975,5,2
707,27,59975,10,2
708,28,19975,15,1
709,29,48975,10,1
710,30,78975,25,1.5
711,31,75975,5,1.5
712,32,20975,10,1.5
713,33,23975,20,1
714,34,58975,15,1
715,35,50975,5,2.5
716,36,10975,20,1.5
717,37,75975,15,1.5
718,38,53975,20,2.5
719,39,24975,10,2
720,40,44975,5,0.5
721,41,62975,15,1
722,42,57975,25,2.5
723,43,31975,5,1
724,44,20975,25,2
725,45,75975,5,2
726,46,75975,5,0.5
727,47,42975,15,0.5
728,48,39975,25,0.5
729,49,68975,25,1.5
730,50,32975,20,2.5
731,51,38975,15,1.5
732,52,49975,10,0.5
733,53,79975,5,2
734,54,59975,25,0.5
735,55,26975,10,1.5
736,56,21975,15,2
737,57,51975,5,2.5
738,58,72975,5,2
739,59,89975,15,0.5
740,60,51975,25,1.5
741,61,94975,15,2.5
742,62,65975,15,2
743,63,93975,5,1.5
744,64,65975,10,2.5
745,65,86975,10,1
746,66,40975,20,2.5
747,67,58975,15,2.5
748,68,83975,10,1
749,69,47975,25,1
750,70,90975,20,1
751,71,70975,20,2
752,72,81975,5,2
753,73,47975,5,0.5
754,74,96975,20,1
755,75,77975,15,2.5
756,76,43975,20,2.5
757,77,66975,5,0.5
758,78,53975,25,2.5
759,79,98975,25,1.5
760,80,45975,10,2
761,81,78975,20,1.5
762,82,70975,25,0.5
763,83,69975,25,2
764,84,68975,25,2
765,85,94975,15,2.5
766,86,38975,10,1
767,87,83975,20,0.5
768,88,52975,10,2.5
769,89,92975,15,1.5
770,90,37975,20,1
771,91,85975,10,2
772,92,88975,10,1
773,93,96975,20,2
774,94,23975,5,1.5
775,95,87975,20,1
776,96,10975,20,2.5
777,97,72975,15,0.5
778,98,92975,25,2.5
779,99,67975,5,0.5
780,55,96975,20,1
781,56,63975,25,1.5
782,57,59975,15,2
783,58,21975,25,1.5
784,59,90975,10,1
785,60,37975,15,2.5
786,61,43975,5,1.5
787,62,70975,25,2.5
788,63,61975,25,0.5
789,64,61975,15,2
790,65,82975,10,1.5
791,66,28975,25,1
792,67,75975,20,2.5
793,68,63975,10,1.5
794,69,26975,5,2
795,70,59975,10,0.5
796,71,95975,25,1.5
797,72,61975,5,2.5
798,73,32975,5,2.5
799,74,39975,20,1.5
800,75,79975,25,2.5
801,21,72975,10,2
802,22,78975,25,2
803,23,44975,25,2.5
804,24,58975,10,2
805,25,88975,20,2.5
806,26,42975,25,2.5
807,27,59975,15,0.5
808,28,19975,5,2.5
809,29,48975,10,1
810,30,78975,20,0.5
811,31,75975,5,1.5
812,32,20975,15,1.5
813,33,23975,5,1.5
814,34,58975,5,0.5
815,35,50975,25,1.5
816,36,10975,5,2
817,37,75975,5,1
818,38,53975,5,1
819,39,24975,10,1
820,40,44975,5,0.5
821,41,62975,20,0.5
822,42,57975,25,2
823,43,31975,20,1.5
824,44,20975,15,1
825,45,75975,20,1.5
826,46,75975,5,1
827,47,42975,5,1.5
828,48,39975,25,0.5
829,49,68975,25,2
830,50,32975,5,1.5
831,51,38975,15,2.5
832,52,49975,25,1
833,53,79975,10,2
834,54,59975,25,1
835,55,26975,10,2.5
836,56,21975,10,1.5
837,57,51975,15,2
838,58,72975,15,2.5
839,59,89975,5,0.5
840,60,51975,10,2.5
841,61,94975,20,1.5
842,62,65975,15,2.5
843,63,93975,25,1
844,64,65975,15,2.5
845,65,86975,20,2
846,66,40975,10,2
847,67,58975,25,2
848,68,83975,5,0.5
849,69,47975,5,1.5
850,70,90975,10,1.5
851,71,70975,10,0.5
852,72,81975,15,2
853,73,47975,5,2
854,74,96975,10,0.5
855,75,77975,10,2
856,76,43975,5,2
857,77,66975,25,2
858,78,53975,10,0.5
859,79,98975,25,0.5
860,80,45975,15,0.5
861,81,78975,10,2.5
862,82,70975,20,2.5
863,83,69975,5,0.5
864,84,68975,10,1.5
865,85,94975,25,1
866,86,38975,25,2
867,87,83975,10,1.5
868,88,52975,15,2
869,89,92975,20,2
870,90,37975,10,1
871,91,85975,15,1.5
872,92,88975,15,2
873,93,96975,5,2.5
874,94,23975,25,2.5
875,95,87975,10,2.5
876,96,10975,20,1
877,97,72975,15,2
878,98,92975,15,2
879,99,67975,10,0.5
880,55,96975,5,1.5
881,56,63975,25,0.5
882,57,59975,20,2
883,58,21975,5,1
884,59,90975,10,0.5
885,60,37975,20,0.5
886,61,43975,25,1
887,62,70975,10,2.5
888,63,61975,25,1
889,64,61975,15,1.5
890,65,82975,20,2.5
891,66,28975,20,2.5
892,67,75975,25,2.5
893,68,63975,5,1
894,69,26975,15,1
895,70,59975,10,1
896,71,95975,10,0.5
897,72,61975,25,2.5
898,73,32975,10,2.5
899,74,39975,25,2.5
900,75,79975,5,0.5
901,21,72975,5,2.5
902,22,78975,25,1.5
903,23,44975,5,2
904,24,58975,15,1.5
905,25,88975,10,0.5
906,26,42975,5,2.5
907,27,59975,20,2
908,28,19975,5,2
909,29,48975,20,1.5
910,30,78975,25,2
911,31,75975,15,2.5
912,32,20975,15,1
913,33,23975,15,1.5
914,34,58975,25,1
915,35,50975,20,1.5
916,36,10975,5,2
917,37,75975,5,1
918,38,53975,25,2.5
919,39,24975,10,1.5
920,40,44975,20,1.5
921,41,62975,20,2
922,42,57975,15,0.5
923,43,31975,5,1
924,44,20975,15,2
925,45,75975,10,1.5
926,46,75975,20,0.5
927,47,42975,5,1.5
928,48,39975,15,1
929,49,68975,20,2
930,50,32975,15,2
931,51,38975,10,1
932,52,49975,10,2.5
933,53,79975,20,2.5
934,54,59975,25,2
935,55,26975,10,1
936,56,21975,15,1.5
937,57,51975,5,1.5
938,58,72975,25,1.5
939,59,89975,15,2
940,60,51975,10,1.5
941,61,94975,15,2
942,62,65975,20,1.5
943,63,93975,10,0.5
944,64,65975,15,0.5
945,65,86975,10,0.5
946,66,40975,20,1
947,67,58975,15,1.5
948,68,83975,20,2
949,69,47975,10,2.5
950,70,90975,15,0.5
951,71,70975,20,1
952,72,81975,20,2
953,73,47975,15,1
954,74,96975,25,2
955,75,77975,10,2
956,76,43975,20,2
957,77,66975,5,1.5
958,78,53975,10,1
959,79,98975,15,2.5
960,80,45975,20,1.5
961,81,78975,10,1
962,82,70975,25,2.5
963,83,69975,25,1
964,84,68975,10,1.5
965,85,94975,25,1
966,86,38975,25,2
967,87,83975,15,2.5
968,88,52975,15,1.5
969,89,92975,5,2
970,90,37975,25,2
971,91,85975,10,2
972,92,88975,5,2.5
973,93,96975,20,2.5
974,94,23975,20,1.5
975,95,87975,25,0.5
976,96,10975,5,1
977,97,72975,10,1.5
978,98,92975,10,2.5
979,99,67975,15,2
980,55,96975,25,1.5
981,56,63975,15,1.5
982,57,59975,20,2.5
983,58,21975,15,1.5
984,59,90975,5,2.5
985,60,37975,5,1
986,61,43975,5,1
987,62,70975,15,1
988,63,61975,15,2.5
989,64,61975,5,2
990,65,82975,15,2.5
991,66,28975,15,2
992,67,75975,15,1.5
993,68,63975,20,1
994,69,26975,5,0.5
995,70,59975,20,0.5
996,71,95975,20,0.5
997,72,61975,5,2
998,73,32975,15,2.5
999,74,39975,25,1.5
1000,75,79975,5,2.5
1,31,72965,25,2
2,32,78965,5,2.5
3,33,44965,5,1.5
4,34,58965,10,1
5,35,88965,5,0.5
6,36,42965,25,1
7,37,59965,20,0.5
8,38,19965,15,0.5
9,39,48965,15,1
10,40,78965,25,2.5
11,41,75965,10,2
12,42,20965,25,0.5
13,43,23965,15,1.5
14,44,58965,15,2
15,45,50965,10,1.5
16,46,10965,20,2.5
17,47,75965,20,2
18,48,53965,20,1
19,49,24965,5,2
20,50,44965,25,2.5
21,51,62965,10,2.5
22,52,57965,5,2.5
23,53,31965,10,1
24,54,20965,20,2.5
25,55,75965,5,1
26,56,75965,15,1
27,57,42965,15,1
28,58,39965,5,2.5
29,59,68965,5,2
30,60,32965,15,0.5
31,61,38965,15,2
32,62,49965,25,2
33,63,79965,15,1.5
34,64,59965,20,1
35,65,26965,20,1.5
36,66,21965,15,0.5
37,67,51965,5,0.5
38,68,72965,15,2.5
39,69,89965,20,1
40,70,51965,10,2
41,71,94965,10,0.5
42,72,65965,25,1.5
43,73,93965,5,1
44,74,65965,20,1
45,75,86965,25,0.5
46,76,40965,20,2
47,77,58965,5,0.5
48,78,83965,5,0.5
49,79,47965,5,2.5
50,80,90965,5,1.5
51,81,70965,15,0.5
52,82,81965,5,1
53,83,47965,15,2
54,84,96965,5,1
55,85,77965,10,0.5
56,86,43965,10,0.5
57,87,66965,10,1.5
58,88,53965,10,2
59,89,98965,15,2.5
60,90,45965,5,2
61,91,78965,10,1.5
62,92,70965,15,1.5
63,93,69965,5,1.5
64,94,68965,15,2.5
65,95,94965,20,1
66,96,38965,20,2
67,97,83965,5,2.5
68,98,52965,10,1.5
69,99,92965,25,1.5
70,35,37965,5,0.5
71,36,85965,20,0.5
72,37,88965,25,2
73,38,96965,20,2
74,39,23965,15,1.5
75,40,87965,15,1.5
76,41,10965,10,0.5
77,42,72965,20,1.5
78,43,92965,25,0.5
79,44,67965,20,1
80,45,96965,5,1.5
81,46,63965,15,2
82,47,59965,20,1.5
83,48,21965,25,2
84,49,90965,15,2.5
85,50,37965,15,1
86,51,43965,25,2.5
87,52,70965,15,0.5
88,53,61965,5,2.5
89,54,61965,10,1.5
90,55,82965,20,1
91,56,28965,15,2.5
92,57,75965,5,1
93,58,63965,10,0.5
94,59,26965,25,1
95,60,59965,10,1.5
96,61,95965,15,2
97,62,61965,20,1.5
98,63,32965,15,1.5
99,64,39965,10,1
100,65,79965,20,0.5
101,31,72965,5,1
102,32,78965,25,1.5
103,33,44965,15,0.5
104,34,58965,5,0.5
105,35,88965,25,1.5
106,36,42965,25,1.5
107,37,59965,25,2
108,38,19965,15,0.5
109,39,48965,15,1.5
110,40,78965,5,1
111,41,75965,5,1.5
112,42,20965,25,2
113,43,23965,20,1.5
114,44,58965,15,1
115,45,50965,10,2.5
116,46,10965,20,2.5
117,47,75965,20,2
118,48,53965,5,0.5
119,49,24965,5,1
120,50,44965,5,1
121,51,62965,15,2
122,52,57965,20,2
123,53,31965,25,1
124,54,20965,10,1.5
125,55,75965,15,0.5
126,56,75965,20,2
127,57,42965,5,2.5
128,58,39965,5,0.5
129,59,68965,20,1
130,60,32965,20,0.5
131,61,38965,5,1.5
132,62,49965,10,1.5
133,63,79965,25,2
134,64,59965,15,1
135,65,26965,5,1
136,66,21965,15,1.5
137,67,51965,20,2.5
138,68,72965,20,1
139,69,89965,15,1
140,70,51965,25,2
141,71,94965,10,1.5
142,72,65965,5,1.5
143,73,93965,20,1.5
144,74,65965,5,0.5
145,75,86965,25,0.5
146,76,40965,20,0.5
147,77,58965,5,2.5
148,78,83965,15,2
149,79,47965,20,1.5
150,80,90965,20,2
151,81,70965,25,2.5
152,82,81965,5,2
153,83,47965,5,2
154,84,96965,25,1
155,85,77965,25,1
156,86,43965,25,1
157,87,66965,20,2
158,88,53965,25,2
159,89,98965,10,1.5
160,90,45965,25,2
161,91,78965,5,1.5
162,92,70965,5,2
163,93,69965,15,2
164,94,68965,20,0.5
165,95,94965,10,0.5
166,96,38965,20,1
167,97,83965,10,0.5
168,98,52965,20,2.5
169,99,92965,20,2.5
170,35,37965,15,1
171,36,85965,5,1
172,37,88965,20,1
173,38,96965,5,1.5
174,39,23965,10,2.5
175,40,87965,25,0.5
176,41,10965,5,1
177,42,72965,10,1.5
178,43,92965,25,0.5
179,44,67965,25,2
180,45,96965,5,0.5
181,46,63965,15,1.5
182,47,59965,5,1.5
183,48,21965,5,2
184,49,90965,20,1.5
185,50,37965,10,2
186,51,43965,20,2.5
187,52,70965,10,1
188,53,61965,10,1
189,54,61965,25,2
190,55,82965,20,2
191,56,28965,15,0.5
192,57,75965,25,1
193,58,63965,15,0.5
194,59,26965,5,2.5
195,60,59965,5,2.5
196,61,95965,25,0.5
197,62,61965,20,1
198,63,32965,10,1.5
199,64,39965,10,1
200,65,79965,20,2
201,31,72965,15,2.5
202,32,78965,20,1.5
203,33,44965,10,0.5
204,34,58965,20,2.5
205,35,88965,20,1.5
206,36,42965,10,1.5
207,37,59965,15,1
208,38,19965,10,1
209,39,48965,15,1
210,40,78965,15,1.5
211,41,75965,10,1.5
212,42,20965,10,2
213,43,23965,5,2.5
214,44,58965,25,0.5
215,45,50965,25,1
216,46,10965,15,1
217,47,75965,5,0.5
218,48,53965,5,0.5
219,49,24965,10,0.5
220,50,44965,25,2
221,51,62965,25,2
222,52,57965,5,1.5
223,53,31965,15,1
224,54,20965,5,0.5
225,55,75965,25,2
226,56,75965,10,1
227,57,42965,20,2
228,58,39965,25,0.5
229,59,68965,15,1.5
230,60,32965,10,1
231,61,38965,10,2
232,62,49965,15,2.5
233,63,79965,5,2.5
234,64,59965,25,1
235,65,26965,5,2
236,66,21965,15,2.5
237,67,51965,5,1.5
238,68,72965,15,1
239,69,89965,10,1.5
240,70,51965,10,0.5
241,71,94965,10,1.5
242,72,65965,15,1.5
243,73,93965,25,2.5
244,74,65965,25,0.5
245,75,86965,15,1.5
246,76,40965,25,1
247,77,58965,10,2
248,78,83965,10,1
249,79,47965,20,2.5
250,80,90965,10,1
251,81,70965,25,1
252,82,81965,5,0.5
253,83,47965,10,1.5
254,84,96965,5,2
255,85,77965,10,0.5
256,86,43965,25,2.5
257,87,66965,10,2.5
258,88,53965,10,1.5
259,89,98965,5,0.5
260,90,45965,15,2
261,91,78965,25,1
262,92,70965,20,2
263,93,69965,20,1
264,94,68965,15,2.5
265,95,94965,25,2
266,96,38965,20,0.5
267,97,83965,15,0.5
268,98,52965,15,2.5
269,99,92965,20,1.5
270,35,37965,5,1.5
271,36,85965,5,2
272,37,88965,20,1.5
273,38,96965,25,1.5
274,39,23965,5,2
275,40,87965,20,0.5
276,41,10965,25,1
277,42,72965,5,2.5
278,43,92965,10,0.5
279,44,67965,20,1.5
280,45,96965,15,2.5
281,46,63965,20,2.5
282,47,59965,10,1.5
283,48,21965,15,2.5
284,49,90965,25,1.5
285,50,37965,5,1
286,51,43965,5,1.5
287,52,70965,5,2
288,53,61965,15,0.5
289,54,61965,10,2.5
290,55,82965,20,1.5
291,56,28965,5,0.5
292,57,75965,5,1.5
293,58,63965,5,2.5
294,59,26965,25,1.5
295,60,59965,20,0.5
296,61,95965,20,1.5
297,62,61965,25,2.5
298,63,32965,25,0.5
299,64,39965,15,2
300,65,79965,20,2
301,31,72965,10,1.5
302,32,78965,20,0.5
303,33,44965,10,1
304,34,58965,20,2
305,35,88965,20,1
306,36,42965,25,0.5
307,37,59965,20,1.5
308,38,19965,15,1.5
309,39,48965,5,2
310,40,78965,25,1
311,41,75965,15,1.5
312,42,20965,10,0.5
313,43,23965,20,2.5
314,44,58965,5,2
315,45,50965,5,2
316,46,10965,20,1.5
317,47,75965,25,0.5
318,48,53965,15,2.5
319,49,24965,10,2
320,50,44965,25,2
321,51,62965,20,1.5
322,52,57965,15,0.5
323,53,31965,10,1.5
324,54,20965,20,0.5
325,55,75965,20,2.5
326,56,75965,25,1.5
327,57,42965,25,2
328,58,39965,15,2.5
329,59,68965,5,1.5
330,60,32965,5,2
331,61,38965,5,2
332,62,49965,25,1
333,63,79965,10,1.5
334,64,59965,15,1
335,65,26965,20,1
336,66,21965,25,2.5
337,67,51965,10,2
338,68,72965,25,2
339,69,89965,5,2
340,70,51965,15,2.5
341,71,94965,10,1.5
342,72,65965,15,0.5
343,73,93965,5,1.5
344,74,65965,20,2.5
345,75,86965,5,1
346,76,40965,25,2.5
347,77,58965,10,0.5
348,78,83965,15,0.5
349,79,47965,20,2
350,80,90965,20,1.5
351,81,70965,5,1
352,82,81965,5,1.5
353,83,47965,15,1.5
354,84,96965,10,0.5
355,85,77965,25,2
356,86,43965,25,1
357,87,66965,25,2.5
358,88,53965,20,2
359,89,98965,20,0.5
360,90,45965,5,2
361,91,78965,15,0.5
362,92,70965,15,1
363,93,69965,10,0.5
364,94,68965,5,2
365,95,94965,5,2.5
366,96,38965,10,0.5
367,97,83965,15,1.5
368,98,52965,5,1
369,99,92965,25,2
370,35,37965,25,1
371,36,85965,25,2
372,37,88965,20,2
373,38,96965,20,0.5
374,39,23965,15,1.5
375,40,87965,10,1.5
376,41,10965,20,0.5
377,42,72965,15,2.5
378,43,92965,25,1.5
379,44,67965,5,2
380,45,96965,10,2.5
381,46,63965,20,1.5
382,47,59965,20,2.5
383,48,21965,10,2
384,49,90965,15,2
385,50,37965,20,0.5
386,51,43965,25,0.5
387,52,70965,15,0.5
388,53,61965,25,0.5
389,54,61965,5,2
390,55,82965,10,2.5
391,56,28965,5,0.5
392,57,75965,10,0.5
393,58,63965,5,1
394,59,26965,10,2
395,60,59965,15,2
396,61,95965,10,2
397,62,61965,10,0.5
398,63,32965,20,0.5
399,64,39965,10,1.5
400,65,79965,20,0.5
401,31,72965,15,2.5
402,32,78965,25,2
403,33,44965,20,1
404,34,58965,25,1
405,35,88965,25,2.5
406,36,42965,15,1
407,37,59965,5,1.5
408,38,19965,5,1
409,39,48965,25,1
410,40,78965,15,2
411,41,75965,15,1.5
412,42,20965,10,1.5
413,43,23965,20,1.5
414,44,58965,5,0.5
415,45,50965,20,2.5
416,46,10965,5,2
417,47,75965,15,2.5
418,48,53965,15,0.5
419,49,24965,25,0.5
420,50,44965,25,2
421,51,62965,20,1
422,52,57965,20,2.5
423,53,31965,15,2.5
424,54,20965,5,1.5
425,55,75965,20,2
426,56,75965,20,0.5
427,57,42965,10,1.5
428,58,39965,5,2.5
429,59,68965,25,2.5
430,60,32965,15,1.5
431,61,38965,10,0.5
432,62,49965,15,0.5
433,63,79965,5,1
434,64,59965,25,2
435,65,26965,5,2.5
436,66,21965,20,2.5
437,67,51965,20,0.5
438,68,72965,10,1
439,69,89965,10,0.5
440,70,51965,10,1
441,71,94965,20,0.5
442,72,65965,15,2
443,73,93965,15,2
444,74,65965,20,0.5
445,75,86965,5,2
446,76,40965,25,2.5
447,77,58965,5,2
448,78,83965,15,2.5
449,79,47965,10,2.5
450,80,90965,20,2
451,81,70965,15,2.5
452,82,81965,15,2
453,83,47965,10,1
454,84,96965,10,2
455,85,77965,15,1
456,86,43965,5,2
457,87,66965,5,1.5
458,88,53965,20,2.5
459,89,98965,5,2
460,90,45965,5,2.5
461,91,78965,15,2
462,92,70965,20,1.5
463,93,69965,15,2
464,94,68965,25,2
465,95,94965,15,2
466,96,38965,5,2.5
467,97,83965,5,1
468,98,52965,10,1.5
469,99,92965,15,2
470,35,37965,10,1.5
471,36,85965,10,2
472,37,88965,5,1
473,38,96965,25,2
474,39,23965,10,2
475,40,87965,25,1
476,41,10965,25,0.5
477,42,72965,10,1.5
478,43,92965,10,2.5
479,44,67965,5,0.5
480,45,96965,10,0.5
481,46,63965,10,2.5
482,47,59965,10,0.5
483,48,21965,15,2.5
484,49,90965,25,1
485,50,37965,10,0.5
486,51,43965,15,1
487,52,70965,20,1
488,53,61965,5,0.5
489,54,61965,10,1.5
490,55,82965,15,1
491,56,28965,5,1.5
492,57,75965,10,1.5
493,58,63965,15,2.5
494,59,26965,25,1
495,60,59965,10,2
496,61,95965,10,0.5
497,62,61965,5,1.5
498,63,32965,10,2
499,64,39965,10,2.5
500,65,79965,10,2
501,31,72965,25,1
502,32,78965,25,0.5
503,33,44965,5,2.5
504,34,58965,25,0.5
505,35,88965,10,1
506,36,42965,25,0.5
507,37,59965,25,1
508,38,19965,25,1.5
509,39,48965,5,0.5
510,40,78965,15,0.5
511,41,75965,20,1.5
512,42,20965,15,1
513,43,23965,5,0.5
514,44,58965,25,2
515,45,50965,15,2
516,46,10965,25,2.5
517,47,75965,10,0.5
518,48,53965,20,0.5
519,49,24965,10,1
520,50,44965,10,0.5
521,51,62965,5,2.5
522,52,57965,25,0.5
523,53,31965,15,1
524,54,20965,10,2
525,55,75965,20,1.5
526,56,75965,15,1.5
527,57,42965,5,0.5
528,58,39965,25,0.5
529,59,68965,25,2.5
530,60,32965,20,2.5
531,61,38965,25,2
532,62,49965,25,1.5
533,63,79965,15,2
534,64,59965,5,1.5
535,65,26965,5,2.5
536,66,21965,5,1
537,67,51965,15,1.5
538,68,72965,20,2.5
539,69,89965,15,1.5
540,70,51965,10,2.5
541,71,94965,25,1
542,72,65965,5,1
543,73,93965,20,2.5
544,74,65965,20,1.5
545,75,86965,25,1
546,76,40965,10,2
547,77,58965,20,1.5
548,78,83965,25,0.5
549,79,47965,10,1.5
550,80,90965,25,1.5
551,81,70965,10,1
552,82,81965,10,1.5
553,83,47965,5,2
554,84,96965,5,2.5
555,85,77965,25,2
556,86,43965,25,2.5
557,87,66965,5,1.5
558,88,53965,20,1.5
559,89,98965,5,1.5
560,90,45965,5,2.5
561,91,78965,20,1.5
562,92,70965,20,1
563,93,69965,20,2.5
564,94,68965,10,2
565,95,94965,5,2
566,96,38965,10,2.5
567,97,83965,10,0.5
568,98,52965,25,1
569,99,92965,15,1.5
570,35,37965,25,0.5
571,36,85965,10,2
572,37,88965,20,2.5
573,38,96965,15,0.5
574,39,23965,25,0.5
575,40,87965,20,0.5
576,41,10965,15,2.5
577,42,72965,15,0.5
578,43,92965,20,1.5
579,44,67965,10,1
580,45,96965,15,0.5
581,46,63965,20,1.5
582,47,59965,25,2
583,48,21965,15,1
584,49,90965,20,1.5
585,50,37965,15,2
586,51,43965,15,1
587,52,70965,5,1
588,53,61965,20,2.5
589,54,61965,25,1.5
590,55,82965,5,0.5
591,56,28965,10,2.5
592,57,75965,20,2
593,58,63965,15,2.5
594,59,26965,25,0.5
595,60,59965,5,2.5
596,61,95965,20,2.5
597,62,61965,10,2.5
598,63,32965,5,1
599,64,39965,5,1
600,65,79965,20,2.5
601,31,72965,15,1
602,32,78965,25,1.5
603,33,44965,5,1
604,34,58965,25,1
605,35,88965,10,2.5
606,36,42965,5,2
607,37,59965,20,2.5
608,38,19965,5,1
609,39,48965,5,1
610,40,78965,25,0.5
611,41,75965,10,1.5
612,42,20965,25,2.5
613,43,23965,25,1.5
614,44,58965,5,2
615,45,50965,15,2
616,46,10965,15,1
617,47,75965,15,1
618,48,53965,25,2.5
619,49,24965,5,0.5
620,50,44965,20,1
621,51,62965,5,2
622,52,57965,25,2
623,53,31965,5,2
624,54,20965,15,0.5
625,55,75965,15,0.5
626,56,75965,20,0.5
627,57,42965,20,0.5
628,58,39965,20,1
629,59,68965,15,2.5
630,60,32965,20,2
631,61,38965,20,2.5
632,62,49965,25,2.5
633,63,79965,5,1.5
634,64,59965,10,2.5
635,65,26965,25,1.5
636,66,21965,10,2.5
637,67,51965,5,1
638,68,72965,10,2
639,69,89965,5,2
640,70,51965,25,0.5
641,71,94965,15,2
642,72,65965,5,1.5
643,73,93965,5,0.5
644,74,65965,5,0.5
645,75,86965,20,1.5
646,76,40965,15,1.5
647,77,58965,10,2.5
648,78,83965,10,2.5
649,79,47965,5,1.5
650,80,90965,15,2.5
651,81,70965,20,1
652,82,81965,15,1.5
653,83,47965,5,2
654,84,96965,20,1
655,85,77965,5,1
656,86,43965,20,2
657,87,66965,5,1.5
658,88,53965,20,0.5
659,89,98965,15,2
660,90,45965,15,1
661,91,78965,5,0.5
662,92,70965,10,0.5
663,93,69965,5,0.5
664,94,68965,15,0.5
665,95,94965,15,2.5
666,96,38965,20,2.5
667,97,83965,25,0.5
668,98,52965,10,0.5
669,99,92965,25,1
670,35,37965,10,2
671,36,85965,20,0.5
672,37,88965,25,1
673,38,96965,20,2.5
674,39,23965,25,0.5
675,40,87965,25,2.5
676,41,10965,5,2.5
677,42,72965,10,1.5
678,43,92965,5,1
679,44,67965,25,2.5
680,45,96965,15,2
681,46,63965,5,2.5
682,47,59965,25,2.5
683,48,21965,15,0.5
684,49,90965,25,0.5
685,50,37965,5,2
686,51,43965,25,1
687,52,70965,25,1.5
688,53,61965,15,1.5
689,54,61965,20,1
690,55,82965,20,1
691,56,28965,15,1
692,57,75965,5,2.5
693,58,63965,10,1
694,59,26965,20,0.5
695,60,59965,25,0.5
696,61,95965,20,0.5
697,62,61965,10,1.5
698,63,32965,5,2.5
699,64,39965,25,1.5
700,65,79965,25,2.5
701,31,72965,20,1
702,32,78965,5,1
703,33,44965,10,1
704,34,58965,10,2.5
705,35,88965,20,0.5
706,36,42965,15,2.5
707,37,59965,25,1.5
708,38,19965,5,1.5
709,39,48965,10,1.5
710,40,78965,20,0.5
711,41,75965,15,2
712,42,20965,5,0.5
713,43,23965,25,2
714,44,58965,5,2
715,45,50965,5,1
716,46,10965,5,2.5
717,47,75965,15,1.5
718,48,53965,5,2.5
719,49,24965,10,1.5
720,50,44965,10,2
721,51,62965,10,1.5
722,52,57965,25,1.5
723,53,31965,15,2
724,54,20965,10,2
725,55,75965,10,1
726,56,75965,20,1
727,57,42965,15,1.5
728,58,39965,15,0.5
729,59,68965,25,1
730,60,32965,10,1
731,61,38965,10,0.5
732,62,49965,10,1.5
733,63,79965,5,2.5
734,64,59965,15,0.5
735,65,26965,20,0.5
736,66,21965,5,1
737,67,51965,15,0.5
738,68,72965,15,2.5
739,69,89965,15,1.5
740,70,51965,25,2.5
741,71,94965,10,0.5
742,72,65965,15,0.5
743,73,93965,25,2.5
744,74,65965,25,2
745,75,86965,10,2
746,76,40965,20,1
747,77,58965,20,1.5
748,78,83965,20,2
749,79,47965,25,2.5
750,80,90965,15,2
751,81,70965,15,0.5
752,82,81965,20,1.5
753,83,47965,15,2.5
754,84,96965,25,2.5
755,85,77965,25,1.5
756,86,43965,10,1
757,87,66965,10,2
758,88,53965,20,0.5
759,89,98965,10,1.5
760,90,45965,5,1.5
761,91,78965,5,2
762,92,70965,10,1
763,93,69965,20,2.5
764,94,68965,10,0.5
765,95,94965,10,0.5
766,96,38965,20,1.5
767,97,83965,10,1.5
768,98,52965,25,2
769,99,92965,20,2
770,35,37965,5,1.5
771,36,85965,20,2
772,37,88965,10,2
773,38,96965,15,2
774,39,23965,20,2
775,40,87965,10,2.5
776,41,10965,25,1
777,42,72965,10,2
778,43,92965,25,2.5
779,44,67965,10,1
780,45,96965,10,2
781,46,63965,15,0.5
782,47,59965,25,1
783,48,21965,15,0.5
784,49,90965,20,2.5
785,50,37965,15,1.5
786,51,43965,20,1.5
787,52,70965,10,2
788,53,61965,10,0.5
789,54,61965,10,1
790,55,82965,10,2.5
791,56,28965,15,1.5
792,57,75965,10,2
793,58,63965,10,1.5
794,59,26965,15,0.5
795,60,59965,20,1
796,61,95965,10,1
797,62,61965,15,1.5
798,63,32965,25,2
799,64,39965,10,0.5
800,65,79965,10,1
801,31,72965,25,1.5
802,32,78965,10,2.5
803,33,44965,5,2.5
804,34,58965,10,2
805,35,88965,25,2
806,36,42965,5,1
807,37,59965,10,1
808,38,19965,10,2.5
809,39,48965,15,2
810,40,78965,10,0.5
811,41,75965,25,0.5
812,42,20965,10,1.5
813,43,23965,20,0.5
814,44,58965,20,2.5
815,45,50965,25,0.5
816,46,10965,10,0.5
817,47,75965,20,2
818,48,53965,20,1.5
819,49,24965,10,2.5
820,50,44965,25,1.5
821,51,62965,15,2.5
822,52,57965,15,1.5
823,53,31965,20,0.5
824,54,20965,10,1
825,55,75965,5,0.5
826,56,75965,20,2.5
827,57,42965,20,1
828,58,39965,15,1.5
829,59,68965,10,1
830,60,32965,15,1.5
831,61,38965,15,0.5
832,62,49965,25,0.5
833,63,79965,20,1
834,64,59965,10,2.5
835,65,26965,15,2.5
836,66,21965,10,0.5
837,67,51965,5,0.5
838,68,72965,25,2.5
839,69,89965,5,2.5
840,70,51965,25,2
841,71,94965,10,0.5
842,72,65965,20,2
843,73,93965,15,0.5
844,74,65965,25,2
845,75,86965,10,0.5
846,76,40965,10,1.5
847,77,58965,25,1.5
848,78,83965,25,1
849,79,47965,15,1
850,80,90965,5,1
851,81,70965,5,1
852,82,81965,15,2
853,83,47965,5,1.5
854,84,96965,20,1
855,85,77965,20,2
856,86,43965,10,1
857,87,66965,5,2.5
858,88,53965,25,1.5
859,89,98965,20,2.5
860,90,45965,10,2
861,91,78965,20,2
862,92,70965,20,2.5
863,93,69965,10,1.5
864,94,68965,10,2.5
865,95,94965,15,1.5
866,96,38965,10,1
867,97,83965,15,2.5
868,98,52965,10,1
869,99,92965,15,1.5
870,35,37965,5,1
871,36,85965,25,1
872,37,88965,20,2
873,38,96965,25,1.5
874,39,23965,5,2
875,40,87965,20,2
876,41,10965,10,2
877,42,72965,20,0.5
878,43,92965,20,1.5
879,44,67965,5,2
880,45,96965,5,1.5
881,46,63965,15,2
882,47,59965,5,2
883,48,21965,25,2
884,49,90965,25,2
885,50,37965,20,0.5
886,51,43965,5,1.5
887,52,70965,10,1.5
888,53,61965,10,0.5
889,54,61965,25,0.5
890,55,82965,5,0.5
891,56,28965,25,1.5
892,57,75965,15,2.5
893,58,63965,20,2
894,59,26965,25,2.5
895,60,59965,5,0.5
896,61,95965,5,2
897,62,61965,20,1
898,63,32965,25,1
899,64,39965,20,2
900,65,79965,20,2
901,31,72965,15,2
902,32,78965,10,1.5
903,33,44965,25,2
904,34,58965,20,1
905,35,88965,20,1
906,36,42965,20,1
907,37,59965,15,1.5
908,38,19965,20,2.5
909,39,48965,20,2.5
910,40,78965,25,0.5
911,41,75965,5,2
912,42,20965,5,2.5
913,43,23965,25,2
914,44,58965,20,2
915,45,50965,25,2
916,46,10965,20,0.5
917,47,75965,15,2
918,48,53965,25,2
919,49,24965,15,1
920,50,44965,15,2.5
921,51,62965,15,2
922,52,57965,5,2
923,53,31965,10,1
924,54,20965,15,0.5
925,55,75965,15,1.5
926,56,75965,10,0.5
927,57,42965,5,2.5
928,58,39965,20,2.5
929,59,68965,15,1.5
930,60,32965,15,1
931,61,38965,10,1.5
932,62,49965,5,1.5
933,63,79965,20,1.5
934,64,59965,20,1
935,65,26965,5,2.5
936,66,21965,20,2
937,67,51965,5,2.5
938,68,72965,15,2.5
939,69,89965,5,1.5
940,70,51965,25,0.5
941,71,94965,20,0.5
942,72,65965,5,1.5
943,73,93965,25,0.5
944,74,65965,15,1
945,75,86965,15,1
946,76,40965,25,2
947,77,58965,15,0.5
948,78,83965,10,2.5
949,79,47965,5,2.5
950,80,90965,15,1.5
951,81,70965,15,1
952,82,81965,25,1
953,83,47965,25,2
954,84,96965,25,1
955,85,77965,5,1.5
956,86,43965,20,1
957,87,66965,25,2
958,88,53965,5,1
959,89,98965,5,0.5
960,90,45965,5,0.5
961,91,78965,10,2.5
962,92,70965,5,1
963,93,69965,5,1
964,94,68965,5,1
965,95,94965,15,1
966,96,38965,25,1
967,97,83965,10,0.5
968,98,52965,10,0.5
969,99,92965,5,1
970,35,37965,20,0.5
971,36,85965,5,2.5
972,37,88965,20,2
973,38,96965,25,1.5
974,39,23965,20,1
975,40,87965,10,2.5
976,41,10965,25,1
977,42,72965,10,1.5
978,43,92965,5,1
979,44,67965,5,1
980,45,96965,25,0.5
981,46,63965,10,1.5
982,47,59965,25,2
983,48,21965,5,1.5
984,49,90965,25,1
985,50,37965,5,1
986,51,43965,15,0.5
987,52,70965,20,1
988,53,61965,5,0.5
989,54,61965,20,0.5
990,55,82965,15,2.5
991,56,28965,15,1
992,57,75965,5,1
993,58,63965,25,1.5
994,59,26965,5,0.5
995,60,59965,5,2.5
996,61,95965,5,2
997,62,61965,10,0.5
998,63,32965,15,0.5
999,64,39965,5,2
1000,65,79965,15,1
