EmployeeID,ContactID
1,16
2,17
3,18
4,19
5,20
6,21
7,22
8,23
9,24
10,25
11,26
12,27
13,28
14,29
15,30
16,31
17,32
18,33
19,34
20,35
21,36
22,37
23,38
24,39
25,40
26,41
27,42
28,43
29,44
30,45
31,46
32,47
33,48
34,49
35,50
36,51
37,52
38,53
39,54
40,55
41,56
42,57
43,58
44,59
45,60
46,61
47,62
48,63
49,64
50,65
51,66
52,67
53,68
54,69
55,70
56,71
57,72
58,73
59,74
60,75
61,76
62,77
63,78
64,79
65,80
66,81
67,82
68,83
69,84
70,85
71,86
72,87
73,88
74,89
75,90
76,91
77,92
78,93
79,94
80,95
81,96
82,97
83,98
84,99
85,100
86,101
87,102
88,103
89,104
90,105
91,106
92,107
93,108
94,109
95,110
96,111
97,112
98,113
99,114
100,115
101,116
102,117
103,118
104,119
105,120
106,121
107,122
108,123
109,124
110,125
111,126
112,127
113,128
114,129
115,130
116,131
117,132
118,133
119,134
120,135
121,136
122,137
123,138
124,139
125,140
126,141
127,142
128,143
129,144
130,145
131,146
132,147
133,148
134,149
135,150
136,151
137,152
138,153
139,154
140,155
141,156
142,157
143,158
144,159
145,160
146,161
147,162
148,163
149,164
150,165
151,166
152,167
153,168
154,169
155,170
156,171
157,172
158,173
159,174
160,175
161,176
162,177
163,178
164,179
165,180
166,181
167,182
168,183
169,184
170,185
171,186
172,187
173,188
174,189
175,190
176,191
177,192
178,193
179,194
180,195
181,196
182,197
183,198
184,199
185,200
186,201
187,202
188,203
189,204
190,205
191,206
192,207
193,208
194,209
195,210
196,211
197,212
198,213
199,214
200,215
